prc,ret,Price,Size,MaxRet,High52,RealizedVol,IdioVol3F,ReturnSkew3F,ReturnSkew,IdioVolAHT,zerotrade1M,DolVol,PriceDelayRsq,PriceDelaySlope,Coskewness,PriceDelayTstat,zerotrade6M,BidAskSpread,VolMkt,zerotrade12M,Beta,Illiquidity,CoskewACX,DivInit,DivOmit,ExchSwitch,IndIPO,Spinoff,FirmAge,IndMom,Mom6m,VolSD,Mom12mOffSeason,BetaFP,MomSeasonShort,Mom12m,IntMom,ConvDebt,RDIPO,ShareRepurchase,OPLeverage,BookLeverage,betaVIX,BetaLiquidityPS,rf
0.07675578329412572,-0.2082242368203898,-0.15035689187703097,-0.16017766824541102,0.0061073133720168545,-0.009864808878524428,0.3381749013229774,0.04045708503783075,-0.023741905369671083,-0.005432811474396518,0.09703867247096075,-0.011102501141230757,0.05597452399453238,0.03126084962273429,0.0004447051966986816,-0.01954997752908165,-0.008522626142161399,-0.011227970968944378,0.08896315693059474,-0.012765297773544118,-0.004462960219216866,0.05548690275198526,0.021381575288549955,0.013374493870958399,-0.0033782388229348626,0.00010554021408857282,-4.839440133271205e-05,-0.004690164426173086,-0.003390649371560499,0.2333476953979582,0.19055271593618714,-0.013637446314895604,0.007997511552335173,0.002572917970564228,0.09239128755409766,-0.013159177138125474,0.06984139360353474,-0.1123165279462344,-0.004599290250927562,-0.0002237400886789231,0.02121056932987353,0.006893145517856912,0.06233381999766981,-0.05011880278475394,-0.047523168288890846,4.281447911851306
0.11926432839829212,-0.084043834775869,-0.03943624014664501,-0.33862926989284453,0.13357402586573833,0.2970018971192404,0.26066958730878315,-0.04091094199431512,0.03314927126227092,0.013498144873545065,-0.06769016274579077,-0.00011216372025213512,0.10070026224076908,0.1685211821036026,0.013636039456594447,0.04255731194620643,-0.010159165606841384,-0.0010383212950074259,0.006732671485546732,-0.01936277897090961,-0.004881820269049321,-0.0003670351999443304,0.029246512591775593,0.23311485012604344,-0.000565031477687266,-0.0010850381730039109,-0.0009567178364879159,-0.0031205454601415574,-0.007671348356091579,0.206612125202814,-0.020664966793419823,0.03334528820516598,-0.03667412099235913,-0.14806500596309805,0.0455198021141661,-0.03614429449943376,-0.02136261681203952,0.00045282499487032474,0.003042753183188478,0.0007316589826806669,0.015249814624182864,-0.008174060403942456,-0.15052917380958047,-0.01907773362582371,-0.06260692507542809,-1.0574879892976505
0.14081341311636975,-0.27058797065021756,-0.23326665518270462,-0.21022805403716546,-0.015679909120748837,0.5537430815704093,-0.9971977537226637,-0.027452415370821288,-0.11526108305304153,0.009390685595761842,-0.6852254560600944,-0.10732641423453763,0.3793217080672887,0.29728872977490095,0.11084979597864555,1.0799028643811306,-0.049123974515573446,-0.3185837077852206,0.1661855358155507,0.25394251838990134,-0.09460349283266706,-0.09109163286311563,0.22384658258845488,0.19074214990805624,-0.002129480274956461,-0.0007161225891880831,-0.0009782835660128327,-0.022520033095357262,-0.004437873622421315,-0.06060538972476613,-1.1180988391520184,1.2676175116452528,-0.01677175636645768,0.3914452873530225,0.15270908743571932,0.12940788328402733,0.7975740010973823,-0.2861416170926779,0.00816836475271944,-0.005888770990220806,-0.002605397715829032,0.12961012760056406,-0.047558582425730835,-0.11488419585954672,0.863860190512853,-1.5792096135666174
0.09984357758655264,-0.3608235753959736,-0.22252189270153583,-0.037752104921028075,0.1380855832704551,-0.16727639629225016,-0.06802819596376243,0.21601054450339163,0.06071349232571838,0.1626964825502888,-0.2726747996297993,-0.0034250146172325963,0.059657620972255916,0.5331152956543805,0.05448031094127738,0.07349430124018862,0.19281672675387967,-0.015843924594296663,0.13126258584322434,0.015739090578304128,-0.012698755815268355,0.3113891060062732,0.011074179634250279,-0.04149611849179603,-0.006086636090052614,-0.0004538787593075652,-0.0005536709955044758,-0.004666377514978038,-0.003519552890722705,0.1459408505753468,0.007919261494873183,-0.019793149641810493,0.19057485959156004,0.0019045378614683404,0.43914288418558406,-0.10193195655260509,-0.2444858973478919,-0.05890444408335357,-0.003334709850659178,-0.00035515353926744405,-0.015635026511492015,-0.025523164060833485,0.018576724773772497,-0.03627337304111843,-0.0014303637286310988,7.180782162448171
0.09258990073339719,-0.25375559384825414,-0.10178606057030246,-0.07095358959490627,0.082867003918551,0.24269600746150402,0.5508969884287863,0.10435036249837831,-0.017565988729365337,-0.008509915159536996,0.12395339136212878,0.002846756958369858,0.02104407278015662,0.08117651358054732,0.015998719738219494,1.0546298289210256,0.028702447260384133,-0.005198915569462104,0.061449110011117546,0.05380744372291168,-0.0073985386064899655,0.004548668669698363,0.0012668472293678181,0.6613721972196996,-0.0013383175763817725,-0.00032904896810395597,0.00016203645110229452,-0.0024699779394437783,-0.002763165479416597,0.23548085459269094,0.14389184641286873,-0.08210924994058744,0.1270579466959508,-0.0026676645324879233,0.4797811548114591,0.16161859614500665,0.059587569236705454,-0.08862722856110208,-0.0020615837817341406,-0.00013237694445628628,0.03236235673592301,-0.02342403314048479,0.15501212156040026,-0.04942946176268733,-0.01919387889806412,4.716081884744301
0.016631626122633077,-0.2876378273408657,0.21923355231443165,0.018917074291313618,0.04776379804662649,0.6419946779313478,0.15107378801721572,0.22292537872188264,-0.07229543693943798,0.011893599831553385,0.6774291293950747,0.034116374085516134,-0.02764750472321514,0.06574140475489539,-0.11000594644612062,-0.10295138531131486,0.23904041519218183,0.001317158824315326,0.2448754363371767,0.0468742571138974,-0.010625161007491897,-0.15918764039578187,-0.02142483572013059,-0.19866284833713813,-0.003283500894272212,-0.0005461976418061851,-0.0017376170794581145,-0.006880474476115228,-0.0055290235342167595,-0.007822098181420557,-0.07608672756137559,-0.011645854118391656,0.025654326788342542,-0.0176413911851758,0.20551144228599458,-0.09276977239886244,0.05501411902237253,0.0025242817655745944,-0.001812058289015464,-0.0005649872163219995,0.0020390284796604863,0.12565263688193484,0.19868302522804127,-0.08862009288864195,0.13900072828169674,2.0024206544929672
-0.040176565841424414,-0.6611302916033497,4.899443150652415,2.361826880338576,0.2287250693447702,-0.054916257586288146,0.1034115902952506,0.25178591265435923,0.3391689485682311,-0.15432922888206896,0.24200369182738413,0.22370042606768678,0.29926081356533357,-0.0982110325053345,-0.1739624633155002,0.05072148288667317,-0.023754818706351922,0.018574687863059273,0.20083786084821664,0.14072040339643543,0.43588119349211246,-0.148062630022897,0.14091668925373374,0.06628702087723605,-0.002668739127250255,-0.00029708467936806905,-0.0009965114393469092,0.021433422349806587,-0.00431527425866629,-0.19015807204420943,0.09635186336364837,0.23436034159680216,-0.19763067996599143,-0.1960506820267627,-0.06655742381326137,-0.10475214927619943,-0.18420290799509598,0.0025724205195579468,-0.006143259845044844,-0.0010409767461966996,0.0420492400762206,0.24035752622360498,-0.32566270318428936,-0.06010465886822378,0.10766747749549069,-10.328257581235855
0.20976467259786938,-0.39132991298198916,-0.2101486646186234,0.1431313270983965,0.05772095548872638,0.21155999387257812,0.07101667754257368,0.019210791418281203,-0.06076802725622904,-0.01942915750413088,-0.3919459694350237,-0.019061317901748673,-0.008243501809543932,-0.11741104489188207,-0.09377944124887391,-0.15599311131480664,-0.1247654003027126,0.07932949604937362,-0.024219465888709664,0.036908446943310406,0.020405382207671605,-0.04896980630795754,0.0733585567340083,0.12566899518830546,-0.004401806655673174,-0.00040448033606231977,-0.0010116388117112577,0.03333798526487595,-0.023935377803712923,0.16621509678060162,1.1310538864038957,-0.019688103401358327,-0.01594382565785461,0.08261628639527771,-0.044590827556659766,-0.24816294533459948,0.47043292541229187,-0.21472864083116375,-0.0014612691633531666,0.00042746794803616455,0.004888422634626836,-0.012698645466593215,-0.05565116658891217,-0.06122572473578579,-0.06596138945957053,2.396419559501199
-0.2342372114881795,0.07718798912649268,0.9258837172225839,1.4459993065890293,-0.16400030878573654,0.09924635088451955,0.05453851772564407,0.04489900946790349,0.2786341072726505,-0.12141308415400748,0.027955696227613964,-0.00029661934238951434,-0.09863011927886547,-0.042578138521304036,-0.07318657110998171,0.004944267141498585,-0.14026540945629332,0.011297512030978066,0.03176708235254099,0.006566127092623624,-0.0373951610573813,-0.17717879109964765,0.008734471370029261,0.2814676594775232,-0.01190613570141969,0.0006485227151517448,-0.010075693221115086,-0.001203873758839918,-0.009595016424840364,0.13431367760045182,0.024283119020390313,-0.05297614964818962,-0.05967562814457203,0.045615024699721216,0.20814697110629637,0.11817904826902854,0.03057498983006689,0.0023819346089524575,0.06914036754521663,-0.0008873912689148151,-0.017521816300115206,0.7733360582258634,0.07850433590533328,-0.02305670402727228,-0.08578643461628371,-7.692399502248609
-0.07012845764940398,0.7659802182030491,0.23069469756738192,-0.28727115127366837,-0.12516054773838664,2.20357360595013,-0.33709881262104563,0.11057757139561145,-0.003441624564473407,-0.02340415838188005,-0.7442601915816176,0.08431358540623933,0.027360949457456034,-0.9984397527540049,1.1794686285430225,0.5051522181607804,0.00471143076167032,-0.09516368040324609,0.14616761552998497,0.5861992738886749,0.08582371852035062,-0.1668234636188621,-0.218046489977546,0.09779286077377479,-0.0020568662973278035,-0.0017888565190287966,-0.000567540538952233,0.056851877446506334,-0.0009965656948754088,-0.33241358141085614,3.4618635603721817,0.28443595581354514,-0.21679057980391617,0.3179080338479578,-0.23897922110765124,1.856418640369082,-0.03149561401403365,0.9260709064965865,0.00776940398522253,-0.0016338651954985977,-0.06095555966579576,0.25021929845199253,0.09732303406647332,-0.12449967055294917,-0.18729647628416926,5.690347696941484
1.0131369595228823,-0.4749846281513954,0.48125611151889214,3.041694729574872,-0.9463180521108798,-0.025220046340618103,-1.0429697089641192,0.5842089478846193,0.08986263771087544,-0.07414633970895777,-0.6609974060190839,0.10812487026727736,-0.3153342879097626,0.8190116045282076,0.33856039738156946,-0.14416968118135365,-0.019849476642995217,0.06123421790964872,0.1077575457079991,0.5550108505497077,0.28039805222756803,0.01899956241147531,0.6788172738868736,-0.20495218420396205,-0.0033329652508413067,-0.0004373380948272581,-0.0036943084463649566,-0.0061447591608046696,-0.006780655459457301,-0.2302534808282787,0.1977937845229166,0.03501044179661821,-0.30814581209048364,0.4879836364950542,0.959743162904798,-0.0486216530240918,-0.03005277792553303,0.27981219677076713,-0.015471032941029337,0.00025573033986400225,0.05782640477045342,-0.17391873939392724,0.054272139224468434,0.2106694426933665,-0.07152423148170987,1.484026464655976
0.07682772265369357,-0.17287733286301474,-0.13843882157737553,-0.17122563413063985,0.13149343701714813,0.012218201421879432,0.24802381068366391,0.10555764418510452,-0.05655917175021172,-0.036736636392754776,0.16343772576127033,-0.005627088004372551,-0.022136565798603604,-0.11275258356027439,0.14710488225094492,-0.024697587322418516,0.15040746051171372,-0.00880000276546825,0.10185914928946498,0.018256435662986303,-0.046563305275890164,-0.0064304934866368955,-0.04494265141215255,-0.09955918114663148,-0.002035371798526121,-0.001074438301274245,0.00044215075392909004,-0.005319457149628031,-0.002869210551408932,0.1618410934653924,0.11666512880562419,0.03438178423021308,0.1505328783390711,-0.004643277562795387,-0.08069366723915866,-0.059861695092958064,-0.1652685541430276,0.08232305097438244,-0.0028374454282762245,-0.0001549857283376023,-0.008695782621728144,-0.01494679776383698,-0.10210750754579807,-0.012172535726710064,-0.059538340847322804,-0.8239603945082798
2.112935656098232,-0.28101135862536875,0.26389434367852854,-0.1572290958963674,-0.18059474180071894,-0.12907783995413555,-0.7243723123099651,-0.025716707316122744,0.18827441623253155,0.1819751459713971,-0.17685678993154316,0.032841394199307726,0.13588116855718801,0.07949758645796957,-0.16979715242436347,2.6901738199129945,0.20905271077168114,0.3589725655737719,-0.11926174514000605,0.36322604430338196,0.1440851165805595,1.9773007523034256,-0.09246056367859737,0.5908536645711879,-0.0032683280093968787,-0.00010444159314884983,-0.003805710682411968,-0.029994182863065162,-0.007538500865075087,0.2622710116854703,2.1887918718593116,0.06068810870065091,-0.1484137400846453,0.18818397238193707,2.399378978573759,0.07235744753945494,0.051539609847900084,0.1847049762833564,-0.03628231051334498,-0.0010981417161051424,0.09510503313133244,0.12344720717057603,-0.04588634338499589,0.0878197033593866,0.012245319530222391,5.448964391068655
-0.02646134171299599,0.16888216296623923,-0.2685198424381001,-0.018688594231343544,0.06306924347089334,-0.10770869750172861,0.183925543841802,0.0964118460271663,-0.050334265072315365,-0.1810285831983885,0.5320413806642682,-0.005587470419560357,-0.07626991400189496,0.03095130267445313,-0.017197336762341742,-0.06984443106998683,-0.08503096476299032,-0.002233888808247661,0.00972857237492674,0.10809118712128217,-0.03308137784015331,0.18813277636086273,-0.033516143181294374,-0.0980873644513786,-0.05371179038392253,-0.0007044147406625536,0.004540028840364587,-0.004499371062584144,-0.0034682567629623347,0.6414109606543223,-0.1713522331201091,-1.77111733670456,0.0318880423277951,0.2014408597088664,-0.003359129463435862,0.14180063380539412,-0.10388823017618917,-0.07928578368326582,0.012825256661331767,-0.0005034306471521187,-0.012513740172514826,-0.10480071368753849,-0.01511008862475971,-0.03505665542441187,0.02376388028365163,-9.50349924024827
0.21296136096348386,-0.19243741103477552,-0.3273094059540429,-0.3346931460502267,0.14183772158704294,-0.0864912031161386,0.3177603769691695,0.02089874963951866,0.2800080028608318,0.07186971703993714,-0.1864577372043435,-0.012609951171204423,0.5423354417548683,-0.0585742660687022,0.023267137554350534,-0.1826020426317272,-0.06154645943062607,-0.06319381303749509,0.033444847750197064,-0.0450830068220317,-0.021917869557123652,0.09254872343210492,0.07158516137843018,-0.1210396882237414,-0.007949855995313702,-0.0005799276334457015,-0.0008391189886379001,-0.005073670412992495,-0.004026014945509292,-0.0849858570170202,-0.16325701346362123,0.025531511938025383,0.24749971695332995,-0.21028566578091168,0.03853121714763725,-0.18163471896515004,-0.019098898990928828,-0.09683673748305395,0.0008055946519173375,-0.004117293921768699,0.04383068435869862,0.16116342275272677,-0.02957793936490372,0.2772534469516067,0.24258097252076652,3.0914228988740207
0.3612216950105212,-0.21125972643530402,-0.3756784392894473,-0.42464913780834557,0.1870917631889259,-0.22239514066009183,-0.0471559250062262,-0.25067632700629555,-0.06934545116066067,-0.04276687503792452,-0.09691844161566919,0.12388130430238667,-0.21284187121614248,-0.061609275787639445,-0.01574414456044788,-0.11310806257401329,-0.045444475029842564,-0.043368878753151,0.04620993831139193,-0.04039665250610672,-0.0010116301629768622,-0.00845236338132421,-0.017081841210160473,-0.09434535748617758,-0.0022414045259117744,-0.00023493323976976274,-0.0010378173937841545,-0.005129837232045714,-0.07297848473613434,0.4046429610125619,0.26286008011045203,-0.04160706302914938,-0.06598631946796292,-0.0530611526271583,-0.06404985682244807,-0.02397053049984597,-0.04873745645632073,-0.18103249806440394,-0.0025877060698359317,-0.00032863237624960665,0.053773820701172544,-0.02469444647985459,-0.07270404927131094,-0.23960101279672372,-0.048064912559585164,0.14401255986030728
0.36050467481606674,-0.5349853448575377,-0.10864132635049492,0.4038032826532366,0.04261083121154257,0.09400498235657613,-0.593484635929017,0.1601572594265275,0.11276075683523364,0.016326414461026367,-1.6788011916970271,0.47268321781607064,0.22291528300768065,0.07376686645460988,0.02538841214914708,-0.051451963517223406,-0.09980081975469098,0.7619394543636484,1.0021974797416693,0.3785838146060641,0.0917846049381706,-0.05471533679047441,0.3717075804185075,-0.3312739737620115,-0.0026828621793350696,-0.00041384653201082796,0.0012801685659336011,0.010453976215244267,-0.005031330488275137,-0.17803470515239705,0.18356627670416972,-0.0913171652599474,-0.03380731476480933,0.2856498922088147,-0.682005752110345,0.16862970862408921,-0.1321850445767312,0.1431349471518164,0.0017728169257214068,-0.0017749090095936408,-0.028419032602578755,0.2753104877485188,-0.0037763910114429386,0.6494914131503874,0.22624808169489863,-13.908470695359432
0.09897408877956128,-0.13006612542889964,-0.1269128216984571,-0.16190217092734474,0.11942676143145237,0.27914466276059974,0.3151188633800794,0.10718858659774264,-0.13772010879750068,-0.07393282525514577,0.002668415485050612,0.01192828860467267,-0.11381151332543263,0.10911180634774438,0.19295141912077274,0.04564237205371791,0.26941865986018415,-0.0014261449783314346,-0.024411736770355588,-0.012168866602238967,-0.02386051493978946,-0.06561940568654644,0.04760327418121435,0.06960812615667834,-0.004247039349369754,0.0011207008626378375,0.00034242809453112754,0.006889551918469907,-0.0042363762602908965,0.1572311336844772,0.1260788839049219,0.24221756134961353,-0.09065560069688533,-0.15595688651206172,0.05534309541043578,-0.5066551296650044,0.2548574539942253,0.04443646601110906,-0.0017162459304904602,-0.0008405506164404869,-0.010011766187635524,0.02180282557445096,-0.11190882804491807,0.16547930917054615,-0.052699360772325274,-1.3120410598358232
0.03306889741408029,-0.32429707222544235,-0.025793607352965185,-0.0645447275904488,0.15781412882222917,0.1774540757357706,0.07487078565755485,0.15427619709524576,-0.008179176740179228,0.016600981518497506,0.18119764288224574,0.1549511427934724,0.08137185664791483,0.04425949012829283,0.02782709658144911,-0.026078776827065896,0.011064745674655263,0.17674691633041528,0.12644126504857378,0.002892191695618481,-0.0015249317710950298,0.033069585688193875,-0.019292277942584674,-0.11068563616651446,-0.003454273344739061,-0.00026096148080593856,-0.00043851641382735196,-0.005120633611549373,-0.0029863232091658924,-0.02131156013759914,-0.1794670087544145,-0.01772312660670686,-0.015564582240487816,-0.042113891134934654,0.0037201548207715595,-0.03534444261396176,-0.16623772133320588,-0.02928435714863703,-0.0011509542373195573,-0.0003797524898721955,-0.0013409125180336165,-0.03370077191403746,-0.01894764275359532,0.02151072654679374,-0.026912484761040075,0.8329275594732364
0.6047242906650835,-0.868068044812156,5.580274650979288,2.8582427590894315,-0.015125172795634773,-0.7838829636963937,-0.2825272209392711,-0.1142125914244612,0.13417560750996962,-0.21393951565290503,0.2047937095418679,-0.19346201108048466,0.1899502659861047,-0.04821805422577737,-0.048910461566800824,0.008371348392223551,-0.26704585652546986,-0.11279769898311524,-0.00794014586526274,-0.6477051308281101,0.1257944056449496,-0.28666393384871086,0.05418281035596821,0.5553008255552656,-0.0017955732489255778,-0.00041007656232913556,-0.002625539504616059,-0.015158353098630529,-0.005911981524606367,-0.4644617244126573,1.0298896760519007,-0.1370978031375595,-0.20813181368293968,-0.43073367050659234,1.8791295069146743,-0.32710178079965024,-0.37366368897070784,0.8930101410393673,-0.007248771788053778,-0.0013284378670703205,-0.03076490219394114,0.0022054237761786628,-0.10789237854243279,-0.2861985162431208,-0.2235814427666503,-1.8484774571777265
0.011964801520864803,-0.7378118260872708,0.25511566199502944,0.5760789961814319,0.13106062969437046,-0.148791317474365,0.9339943642557283,0.09255368089386201,-0.013880315197657287,-0.004740450595819157,0.11646996634308314,0.03297452382557837,0.1033841512143638,0.10378411742658394,0.003229692224848177,-0.07699572982829275,-0.0729997097710249,0.007623488274264225,-0.05323470052181268,0.042390688639898845,-0.05212019846640361,-0.035687854965870326,-0.021632962252368673,0.5465406943454922,-0.004059966751236001,-0.0005229153903979522,-0.0052798961360307805,-0.19788859617973825,-0.007158263286279775,-0.05017402154521655,-0.588505073472363,0.1484015308992467,0.028208457181774355,-0.27954471180850227,-0.16897206230538311,-0.12949174402595154,-0.17370553836227137,0.04181578626468547,-0.0002850361766388968,-0.0017500297367950657,0.05768904855275245,0.15559029768599317,0.39248300570478983,-0.011253498954891337,-0.13967236654394966,4.166537177081814
0.36804966506631287,4.232617398198043,-0.10699221256002783,-0.01916764682462509,0.035949689655974976,3.4339387011319986,1.122861956300242,0.33038464919215255,-0.022144756191325703,-0.07943097868709112,-0.6353938775554785,-0.027363644750263927,-0.03350326344153178,0.12236844198599335,0.1763361388713842,0.4286296203592277,0.18367102915016562,-0.018214111897496423,-0.11451768738674531,-0.033522542488070274,-0.026032653512784176,-0.02451793851293802,0.4937272767940795,0.8432816144185189,-0.0050318781057948495,-9.230940137888578e-05,-0.0005916610116644914,0.07528908950833704,-0.006378749975151424,0.5111896514605105,0.9649921744999456,1.4288042428340075,0.1586596536464432,1.5769435042063564,0.1074552375798969,0.20780380353310385,1.7083943790015432,-0.16089011704690334,-0.01913387484252224,-0.0013856646117880256,-0.015451260389831387,-0.23764101766650525,-0.20841713273456935,0.11251567570753648,-0.1408736853504695,6.4228661256865855
-0.024844817669399315,-0.07590632558144726,0.2605983189934919,-0.2163115398837292,0.03314029703867752,-0.37399866635548945,0.1671550964349104,0.02357935881978693,-0.010907981206814951,-0.0116430140493067,-0.10104844817923915,0.10107994516653065,-0.03227621517118412,-0.01436142653452072,-0.007941436315733765,-0.07405199769425803,-0.07466479625632744,0.0084371077336776,-0.05736964492220233,-0.12862834062025993,0.06556694340328867,0.1213766721156681,-0.1087173562161957,0.37980169457610025,-0.005055414705428634,-0.00016982490459284283,-0.002778812975314434,-0.009595302884573477,-0.017320240747087105,0.11355232947762889,0.2510767631872015,0.06090177125984799,0.06358439439345666,-0.03497777993145456,-0.003082552384308298,-0.24933984027159994,0.3667667019749395,-0.27781017105179795,-0.004397429988811571,-0.0017462254077419317,0.010061569888884942,0.025957739006290854,0.040953452943037885,-0.0032467634093429265,-0.04962480369638752,0.9783630945848668
0.09957756161843949,-0.15542685020658092,-0.04350759608360176,0.017779962148431982,-0.023847908971310203,-0.2373315211112046,0.04797297875638583,0.16644594534437246,-0.0535200834341682,0.0765867413772006,0.16145100239143934,0.04534030376724009,-0.05760542146763234,-0.2911026257799769,0.23886700250861675,0.016523581531462096,0.013083929541221931,0.0017173663873995436,0.12267132093213705,-0.023391282900599466,-0.004552316055077147,0.09102868388264428,-0.044252775737344485,-0.7718397226227777,-0.0020903058068628237,-0.00030656705035573596,-0.000384293795606385,-0.0009106459536140614,-0.0024135102956802023,-0.010073612211882497,-0.41638302777494013,-0.023609195207809335,-0.02610778775784584,-0.003936411377757551,-0.04666810547317243,0.026129885898475945,-0.08271443388037167,-0.056487799296888005,-0.0004705832426993298,0.003977116277580883,-0.00935708454731283,-0.07655243413085959,-0.0361886697946151,-0.17071308966377424,-0.0663232033546581,1.9199336345401168
-0.29806892119152006,-0.08988022726058578,-0.07233376946867895,-0.05217734864225304,0.0804863526302389,0.2171620877603056,0.03568836200920017,0.15874891548862446,-0.0629384333785988,-0.04229969612380792,0.1242858544649729,0.12610359515356653,0.054720286143927,-0.003739446361380303,-0.036772014491770054,0.041469451226727246,-0.023048878712941624,0.062373825108781415,0.021870093963533427,0.03405364523471655,0.10294129576075123,0.04493065441201414,0.021936794886980315,0.7091757433282063,-0.001938640789403497,-0.0010552883954535294,-0.0015572768678253925,-0.006528277308192512,-0.004504914114672256,0.33841247920563433,-0.005065800635967017,0.21870955686412394,0.18519698249743835,-0.10048535623913175,0.04232983109763256,0.02266452949347311,-0.006941811290881943,-0.14905093662585017,-0.008271884071547289,-0.0016276844422790145,0.030209748280211758,-0.14425707798635776,-0.05042414840960815,-0.060290381735178276,-0.02065852347054672,-3.6755012987959463
0.13691174027481953,-0.1315693988509396,-0.2014317728415051,-0.16980616541809201,0.13377087722248598,-0.08922159682448617,-0.007154676840156608,0.05797419763836708,-0.027041588211357086,-0.028467837587001298,-0.0963960041109896,0.016878552965134797,0.05949306492639889,0.044125800673548536,0.054814053590520245,-0.17290124327144102,-0.046747413302719226,0.05133620602991782,0.01462869872048286,-0.09360044609715298,-0.0025709079863208643,-0.057850065642611255,0.06126528441669344,0.24285457132239405,-0.004927530075244724,-0.00036818077211706415,-0.0006127105430481334,-0.012206979810460553,-0.009948191300943293,0.019971916962837684,-0.052789746683683234,-0.12035881462101218,-0.06045298501279574,0.07429438288124825,0.008618611746600733,-0.11832035361118884,-0.2650572211272231,0.1379789236384028,-0.007044538960827829,-0.0008260308673068414,-0.011793513535107603,-0.10685740093074808,-0.05336392958387448,-0.01973078884681564,-0.1268485318501686,0.2742038497649566
-0.11694225668013437,-0.32432581669676086,-0.08501079576256824,0.01463600831834665,0.2073523755566682,0.25014481510381376,0.2771774938853145,0.19232928530268575,0.05190600810704662,0.020240559960636565,0.5347704314378378,0.03307167916381672,0.07619522827723355,0.033871299278694866,0.021817209486615516,-0.009622048366206393,0.2605673839834387,0.05046192708963366,0.045285886156291894,0.08505145456335751,-0.007094140502901308,-0.14043040399055978,-0.08259199134867863,-0.09306789492342857,-0.002190450183145798,-0.00472186185940929,0.0006435311350327609,-0.008353236452893218,0.42684082488980984,0.5495813437175842,-0.45492824148331057,0.02483504860616677,-0.0334724375091877,-0.051390607051489866,0.02232118391829703,0.004175819280243866,-0.01961355505624881,-0.06969775835214041,-0.002317470206036804,0.0005968864797760905,-0.0030539268329513743,0.19824311888275106,0.12195025636783582,-0.19500470961571975,-0.04862389196985614,-1.1988875912534624
0.7660749345019355,-0.1770274179025448,-1.2030458017423442,2.5025727454666886,-0.15317002956289227,-0.009304871570815462,-0.14935574568502877,0.5004787406813883,-0.07000525397627703,-0.03788013377879294,0.10262462986951376,0.29587170697321996,0.2316848940921773,0.07896451846247786,0.3585474884165879,-0.3338744451084866,-0.021258264695395476,0.24725419297793214,0.25145547194180873,0.4370551726491323,0.5341449443627022,0.10295561209585707,0.7657782138800648,-0.13456581665068498,-0.002776409433768864,-0.0014562913145843039,-0.006684199676299322,0.03329018661020528,-0.005009838434982562,-0.23629375700935804,0.1253727241711901,-0.02904262751894755,0.7187924401832709,-0.0025811736345926653,0.32536424758350585,-0.23578113991094993,0.0015512831062113822,0.02956363897044275,0.004214766561582797,-0.00040737565184493596,0.03447345584296327,-0.016525571476948348,0.27739798271960137,0.1000276747265473,-0.05691633259429825,-1.7713159909270413
0.14492169759726406,-0.1711283517719332,-0.06618388850538304,-0.1179193313772979,0.01700158025494806,-0.1332667670767594,0.13678507811400006,0.14787476019802478,0.08626354474952588,0.01306870552843016,0.24995067704507912,0.20239838601405075,0.24556899132278856,0.21911771671925293,0.004545692276762044,0.16000933325296823,0.10360331491841152,0.006342744284780579,-0.03736036683275521,0.04289575761189566,-0.0030632374173176417,0.4609371999895875,0.03718764419059025,3.72954064357283,-0.0021131637658767604,-0.0012007214804480946,0.44885080745024836,-0.01227409544671848,-0.005327869149665656,0.06867970636744787,0.16840562342662377,-0.03720777063963842,0.23658880676468508,-0.08664123643585098,0.35806123886816793,-0.11509764680579997,-0.16520764348839898,0.20097033332756492,9.544581720673886e-05,-0.0005840666327974475,0.01699348311673951,0.01769326375500328,-0.0723919513063742,-0.06557976282947152,-0.1555382618926302,2.331200830976234
-1.1829753225147506,-0.09684619872533756,1.0056110146904096,0.3624152377906563,0.1291814643801499,-0.32852874233525275,0.0785283010091831,0.1403286590766808,0.033062537773678194,-0.14137428907599053,0.21091164361773737,0.018106129260943123,0.8890705358513669,-0.29086477995552823,-0.19748400242872519,0.10121113405963908,-0.16834974782681386,0.21560237724020156,-0.006385926487557828,-0.046574482842987576,0.02989465116690139,-0.049401939883839174,0.5680347255789042,-0.17934069313412296,-0.006593214484265306,-0.00015653255217244324,-0.0015736175087904575,-0.008674420419577751,-0.010580370739201553,1.0228142378405254,0.027592884676365153,-0.261914028477627,-0.04199341376909111,-0.07550514365328005,-0.0385926284109932,-0.07672865973600956,-0.029495261995866124,-0.07022585728637257,-0.008627249079520458,0.0007062732984882433,-0.008019816413097165,-0.19350318551092593,-0.055225654810233234,-0.01805519737868226,-0.061492051076710755,-5.987165264027079
0.13498387515094107,-0.09729523948673877,-0.28180825996130593,-0.2247646578344462,0.11320320445672387,0.19463584502036488,0.14692990415950294,0.15251960896314073,-0.010136416021847746,0.27714682471001123,0.0350468670025143,-0.00203792654479288,-0.07887071780879022,0.26713389682305755,-0.01536794698165996,-0.20101504737980644,0.04726459569703043,-0.010286653887928774,0.10276848769660475,0.047412874708950295,-0.01139076274716508,0.021202106617620526,-0.1381670928064471,0.21536931319153055,-0.0027350384758567095,-0.00016090960053180615,-0.0005569973964127417,0.0010500366394161932,-0.0016264039146556223,0.0850470087274033,0.2897789835729591,0.06112309162001626,0.0782106200574405,-0.03751824972033373,0.002660579088951936,-0.0058190299207046,-0.06561109653026004,-0.07323332020201517,0.005188437218006175,-0.00025003004934920234,0.014246692401397707,-0.00452038401612364,-0.004230699571508119,0.06830739546569534,0.10173631561871571,3.8096511578661656
0.06464721104381514,-0.24656431436240706,-0.05518175296859261,0.15423122353002028,0.038924181644334414,0.17970328814418693,-0.010275466007957212,0.09011150592523762,-0.005907944937238276,-0.0069626868923460435,0.027263267142275734,0.026255811216458716,0.17220159554792872,-0.06223554077361342,-0.007613007976131117,-0.15946245966928313,-0.02920617267832411,0.04640467727497601,0.126658200824503,-0.014967023669392331,0.044462231709095405,-0.0432601012848288,0.04749355492515434,0.036472865164702994,-0.0016925588641693457,-0.0005207850802682043,-0.000269172560083753,-0.005380782900211076,-0.0021599984290505956,-0.029332493778028948,-0.19978638043521157,-0.07367056682182632,0.21086575573490415,-0.07401295875178861,0.22463025215958093,-0.23066489411922564,-0.13843589207297818,-0.08416060781328179,-0.0005054133694496951,-0.0009050560448864365,-0.009166568148833053,-0.03505229883332431,-0.08055681366759561,-0.08096406485511862,-0.024926467492964743,1.8281966902562112
0.2855204355767194,-0.04017494599434919,0.03132589134360498,0.3764363581971992,-0.2831885486237019,-1.0400015077592786,0.4242553911956004,0.04537578301679423,-0.0788032647385264,-0.05549160030219156,-0.18246699319504253,-0.053715694051211835,-0.07504644007075273,-0.19772099778562002,-0.06328545808010233,-0.055516192283744346,-0.08416557071931517,0.0058293383192962,0.013935414783254304,-0.12117959594489183,-0.03751479435649284,-0.05332995368315372,-0.33976931833899177,-0.7371728263251456,-0.0018515518406435375,0.0005228939844967197,0.0025420860699839243,0.1020047160094593,1.0218803616398986,0.4698084011044934,-0.023179537236731013,-0.032290658802179545,-0.21969572416441,0.09788246946627455,-0.28039716660908354,-0.0891225574844857,-0.10658195784826886,-0.12145989425201734,-0.0014249227366492383,0.0023244781646125107,-0.006726602522911931,-0.1423127774827844,-0.05695672361140648,-0.22975305367447615,-0.15570453205424947,0.8641422823763061
0.13878565219054717,-0.26441196773807546,-0.07759118263193408,-0.1448923457958296,0.035694711867404416,0.19125157559800085,0.027209950951575988,0.04213124832974793,0.025386343627678633,0.01417034028496547,-0.01879065780827783,-0.0035056997956578757,0.01628389927167987,0.016348142796406454,0.02570579829566656,0.21196328022556815,0.17894372098600247,-0.022417725630166623,0.1880246150028438,0.08033524945448361,-0.006185453199128457,0.03807105530971266,-0.0488102316418906,-0.10750516449089592,-0.0015831922209685507,-0.0005710971458911804,-0.0009046194061874369,-0.0028207481180783046,-0.011293712669171426,0.059282408958829226,0.1165415766639852,-0.01864526055295814,0.15453499873964058,0.0807395002900127,0.19442483319837836,-0.05888926802347352,0.18417339126161905,0.23679533246891,-0.003699670809643492,-0.0009380110881527575,0.014693747053661586,-0.10587923411433307,0.18555575885768785,0.03500397531935283,-0.04769767876445791,0.7463359620756828
0.28468757372729137,-0.2139004148667385,-0.23636467051521168,0.009266924090120705,-0.02744409218608217,-0.2125458435488044,-0.04097647455849158,-0.2718441601184772,-0.03862243396963212,-0.036243244596814425,-0.09663115991256416,0.016530638735026266,-0.08856304173301696,-0.0432261985014669,-0.009324293209365465,-0.11004425656237113,-0.022233206216602724,-0.027899665656001688,-0.016350030535131985,-0.09550230805536739,-0.006491861943162061,-0.02126330944548434,-0.006528998820145919,-0.08634406382918286,-0.002092525746135792,-0.0006000372481382874,-0.0005596438023517816,-0.006730691807238162,-0.00760206826394826,0.0003433927382261061,-0.2087036904899051,-0.00910760792352482,0.013756195104867232,-0.05899581061345531,-0.06741571023104702,-0.03977518959625817,-0.03963086576568744,-0.11269454970315944,-0.005139657315217118,0.00023473521532561798,0.17262863131536937,0.6049473387321533,0.24241479653464523,-0.27906780634727013,-0.0382726102259526,0.6668750609286236
0.04970869902415905,-0.36789389821962526,-0.13441452121761155,-0.18645100263556685,-0.21549714566691777,0.06992727297506958,0.0504597548270228,-0.5697493171845321,0.021801965093658133,-0.11018193207597247,0.12010164408695922,-0.021883335819314433,0.15861940124506022,-0.0154605344022691,0.22758782714032727,-0.30442130041525484,0.05512326372039683,-0.018424197410608842,-0.4763780324188128,0.19731616506023608,-0.034560924970601724,0.041980635951751125,0.027842445308974114,-0.17150471936559988,-0.002728356003882288,-0.0003183360042211518,-0.00042772421530465685,-0.011940067986365084,-0.002077436660119059,-0.08398628200440053,-0.9481144338090193,-0.04317364735202134,0.1667479831661311,-0.022080992732541344,0.2358858414129029,-0.15488262509453332,-0.3475782795780535,-0.07646221776010644,-0.005685160436540365,-0.0006396258938668163,-0.015283472517160513,-0.2170936740620063,0.1207953536934576,-0.10625104449525999,-0.0805547793331795,-0.4488828766454235
-2.605124231947276,-0.19964546062004768,0.5606555795903023,-0.3654187605236599,-0.27563120453872414,0.32555354163097694,-0.2276180987255799,-0.37526247501361865,-0.07286935393794239,-0.0995073439106554,-1.2979605587322853,-0.029797805154951788,0.18660848736123267,-0.02074217324238032,-0.07124109649562078,0.003948195548254543,-0.29673290351626236,-0.019787737219452466,-0.4707657775166249,0.053824648296504136,-0.08867287804616564,-0.5968428481121936,-0.13005085890144893,0.20915956442126188,-0.0018416126233580707,-0.00041525581247479454,-0.0012198974003709354,-0.011107181663715247,-0.00590449569527158,0.10843658374806575,-0.10228453862236915,0.01171861541234995,-0.1960645692497758,0.0371466219430528,-0.10061504866811974,0.9143952553730981,-0.16994714713152675,-0.3894039207129876,-0.0033265334899875315,-0.0008815182609417619,-0.017516771233974042,-0.21641292322288222,-0.13181517811834226,-0.0556952714471765,0.09908151290583465,-0.5908501555946778
0.020685361713244355,-1.177273071824193,-0.13151008291855845,-0.09362859090898958,-0.0637578476163778,-0.5123495774345703,-0.41848203996100114,-0.004639624544580127,0.0077691348530095385,-0.07018488050140931,0.0322736885063682,-0.011048361177801556,0.06397019302111018,0.20582344922971219,-0.21369088621250182,-0.06146140289897909,-0.027482386287098485,-0.015358209792982327,-0.006136018240631007,-0.20225595652759185,-0.000465543332788077,0.15901516991741177,-0.03961836812658582,5.337192799490318,-0.0007885544584633374,-0.0004242200307083723,-0.0005768604463718055,-0.006682162040160854,-0.0036042943225088123,0.30062600102324516,-0.9992866983037466,0.13188916984762458,0.12222648880972638,0.28122711366529585,0.048144139754168334,0.3574139422445749,-0.027972805947840566,-0.5616446134925587,0.08378323537289957,-0.0018709403547874299,0.022576522825722322,0.05005529333515027,-0.049137105374667735,0.2803658291392433,-0.005005589155919763,3.3437792110292217
-0.018414077649208244,-0.3709587806916101,-0.14246020543863142,-0.06698531563877239,-0.2850002319942636,-0.2073191236260058,-0.4016808847744876,0.17109536708435788,0.15130195473034344,-0.06880201758250176,-0.04303471328733045,0.2774622030540048,0.24187901238999115,0.02064968741568193,0.9425157847467125,-0.05298755097687031,0.11903262449668933,0.19769046981760924,0.32062987317025615,-0.23254931359112294,0.18382184579766742,0.47325310621997446,0.3574303429463169,-0.05653433490435416,-0.001369208281915855,-0.0005605918181274493,-0.002193625804214117,0.00865051410026828,-0.008600774871399252,0.0561391345633763,-0.13786086364807693,0.37483126033713127,0.07974671615028954,0.27825527740866934,-0.013016967252579137,-0.21023404800391535,0.38068421128293656,0.19198584225838297,-0.0071131694941559175,-0.0009072269521777282,-0.03901572774389222,-0.11962920467535317,0.0881807286384146,-0.05036868835042305,-0.1560443760852813,-0.319406909004395
-2.551394026078439,-0.2795352536765328,0.1001423963850958,0.7122550346095687,0.13017310230786827,-0.16108381122686052,0.1470976092688188,-0.1096604800403253,0.15779179434330612,-0.06619528888755948,0.44126849230846255,0.3727186263226024,0.09509034096192859,0.17542570327327295,0.032778555393560775,-0.344454574672641,0.003700925230993033,0.5057159595357863,-0.008181875127854208,-0.1722874034567501,0.26628428231371626,-0.16311293698682233,0.06662263046502766,-0.1234298525824149,-0.003318320374316794,0.0015068422370143495,0.0006967618933702973,-0.017721366128389097,-0.0018359575411433723,0.41091605527327596,-0.2415186993730622,-0.1428132412803319,-0.006793591040580478,-0.05111678259597382,0.012465889165047546,0.0583374910593843,-0.16242517767669407,0.04700594107414613,-0.0017057050678720733,-0.0066590549294056195,-0.0007861870630612331,-0.027588659106893752,-0.029748276208289282,-0.1956286883504686,-0.01416432622029221,-3.957404746418508
0.007508114011268235,-0.7592382881439743,-0.18148563334287793,-0.3226659779659205,-0.17656393583123853,-0.03826425581103731,0.10113217811150113,0.28965398329942854,-0.08432422089434471,-0.031447388709033575,0.16377872147444592,0.014590365648793088,-0.15623170052065463,0.16475866965280092,0.01042777967715233,-0.3026319423312604,0.1324009576455224,-0.025061033337210478,-0.5097076113354018,-0.37307275083011565,-0.015906519505142977,0.898841266737071,0.10868133089607586,0.7562692171275669,-0.003413763164051143,0.00023797309194088567,-0.0007699248089766544,-0.0014769844331639981,-0.00038158905902649246,-0.0669331356217846,-0.5854080737957672,-0.09026264184399976,-0.23906290141397135,-0.060231281547942606,-0.23530653597873952,-0.042728422818326485,-0.29349695972902046,-0.10615114833991388,-1.678704671551221e-05,-0.0011962148950170983,-0.020654297907671676,-0.005366056262988147,-0.007742537124976177,-0.09161892066518551,0.10016192128377173,-0.28106199240299184
0.16093623918509142,-0.48727328360685224,0.4193322400548205,-0.14500621241399936,-0.028811683641264726,1.311240100749792,0.022271231884826142,0.09909046744938824,0.076877699202967,-0.06580188892037442,0.19603769034681476,0.0679309059877331,-0.09214917072103364,0.47784974392272556,0.07416222017269147,0.19056638334783751,0.44049113715610605,-0.0624739868216374,0.3300198158729446,0.09943804134069717,0.17561356042377585,0.12611042135328954,0.04864403241004315,0.36010193189377593,-0.0028287224566646485,-0.00019492856358669064,0.0005880147028520106,0.0035948225162156814,-0.002696779337208265,0.09855633381354688,0.13754862507899016,0.1594707488462551,0.39846676636058703,0.012814943091221496,0.14042184272100797,0.04067598385687686,-0.020773226652115014,-0.0013252871062991067,0.004480068090263649,-0.0021926597182962615,-0.007377651374306846,0.21878329336993751,0.02506572035101764,-0.05379256510916608,1.2701857643818852,-1.637592589169379
0.22477619859194528,0.44615720769385747,0.34782652274814396,-0.14308434900897588,0.23374131608746906,2.084746289617775,-0.0636874703576892,0.02914959516633338,0.29252750606819233,0.6329058156708314,0.2725074510804695,-0.01112864845171346,0.09015118319089754,0.09156202725846493,-0.008742548013636626,0.06271499261287873,0.04045598938601995,-0.11749827352095465,0.17284221376502806,0.2732580724432174,-0.002381047475195321,-0.16053635251013496,0.06243323911061405,0.006805812040672249,-0.01206734691779173,-0.0029946006722972886,-0.0010527780585494395,0.00870073626582373,-0.012531772681754592,0.012527354791410178,-0.6658329156871503,-0.00802622892680269,0.02735384286710416,-0.24003971776096303,-0.8955338907616102,0.2914413970727734,-0.2777100813882327,0.1084342392180858,0.07193473311798763,-0.000887608955525286,-0.010717486669708684,-0.06326242516623531,0.027093317304410856,0.07001459054474306,0.004219816311909884,-1.5991999173426532
0.0765875691823556,-0.29523506923989346,-0.09310344587065696,-0.1295378400314964,0.06685151495397686,-0.021538957856397326,-0.39862580050192825,0.040997556305300394,-0.026116928130429085,-0.026582621378170218,-1.386297453536618,-0.05480699051896379,-0.09233536821060935,-0.2811981495001395,0.0058627109554461885,-0.037419865689706136,0.03869359108512547,-0.03409294998365904,0.05293526384800374,-0.3501959502170493,-0.002049164012262758,-0.059756043017098116,-0.014706237042992957,0.06163395966830411,-0.001539758848885775,-0.0004884337573162014,-0.0007090033139155283,-0.003323778116982698,-0.0027967682468427683,-0.0328009872077065,-0.19137379407669475,-0.04082988161825738,0.09289884659580425,-0.03196851913088959,0.34205173304811426,-0.046597788030263224,-0.5639409629704639,-0.13803324480463705,-0.0019075146978577303,-0.0005725428094036444,-0.006596591941311865,-0.11233212825276576,-0.06569441661621696,-0.05008772300352283,-0.0856991055305597,3.224600414855715
-0.2909853216288463,-0.06510796321424747,-0.20084250029943698,-0.13367760064391,0.002175118208584564,0.09979430868497952,0.10944973830255149,0.04873123205576818,-0.012285690136472426,-0.034347711864756075,0.25290090104577717,-0.024833479654879472,-0.12898183729815305,6.749743645675243e-05,0.18103674380327417,-0.05032724809256205,0.009035314816789273,-0.00668832857679649,-0.023356951491747536,0.030281737704871515,-0.025227504584040737,0.28226180306621546,0.031036029877409076,0.44293606160821,-0.0038930206850466805,-0.0009195915430161079,0.001340268728137905,-0.002554855195596558,-0.006312993006018398,0.03167401163028963,-0.21619506201423644,0.04268083965668561,-0.024787458130901465,-0.16196330581912752,-0.028812936963050456,-0.01917346277033722,-0.008526755145998694,-0.16923217353454545,-0.00613606946399606,-0.005221657030659775,-0.014448110802525307,0.5404498294154335,0.13339258871846696,-0.03588261145974536,-0.03127361694536203,-5.262431268474464
-0.09380546003802215,-0.11302800098272701,0.006080742749382936,0.19500785313928898,0.05937682422070559,0.21793042195625653,0.13290021907920818,0.022846568284980526,0.760426840266779,0.7369351694715425,-0.031340622836960555,0.23668087166837695,0.45938604701410907,0.010073397533968504,0.286168275644194,0.06809188998603664,-0.07604664705635938,0.18690103123683463,-0.05730557613542521,0.3643443841150235,0.21007856501708247,-0.0833524764579987,0.09261828057718176,-0.04951104825027259,-0.0018699600823098052,-0.0014265170192396712,-0.0019960212942595115,-0.005096329265047653,-0.008535436780274588,0.14099535479996164,1.286477177660241,0.12150397279729994,0.19488560413849476,-0.13461621873988264,0.24777260704280202,0.08453145085287933,-0.14864917877659467,-0.059913470328881335,-0.005787399831267165,0.0025396370941146037,-0.000646577417262972,0.019140239564540897,0.2652776276587575,-0.029629999516209683,-0.06129827591509955,-6.899999512542255
0.04604088978235263,-0.07302516965418432,-0.09166812832082485,-0.37571561975225615,0.12792792771682845,-0.044938129110993826,0.46468169226755546,0.0880343924048192,-0.0025590243253981095,0.01246349573658553,0.10518600710169147,0.03625619398013233,-0.005887433097877215,-0.06590888839621632,-0.009309503920939948,0.0017703694874947615,-0.031357544672545756,-0.0034842954160530714,0.16332216671,0.12513346212979365,-0.009943360038742055,0.016265475779157584,-0.10592753036201474,-0.13817537490492843,-0.0036580973676740487,-0.0002650865405530286,-0.0010093504629737047,0.10038629245830677,-0.0012843665324502153,-0.07730932258619434,-0.17880888767120473,-0.02527655577587806,-0.21232205798258807,-0.11239328334048437,-0.18786093087649985,-0.04046404178860763,-0.047031492202468064,-0.06271798273910556,0.00032175339908091223,0.0014977379151900217,0.0052124290185767315,-0.03399765275767121,0.07226795302108603,0.030760515847631318,-0.00305567341366869,-2.3420859315115345
-0.5707998503259568,1.4917729404557811,-0.839353574992413,0.35505892146010176,0.22321809274676865,-0.490223609356361,0.2506876634308828,0.20234055689524696,-0.056884429637938834,-3.190714216726987e-05,-0.26827290454017816,-0.08253152099191877,0.19791462275725555,-1.0184933361313788,-0.10767503553955807,0.1922456915160218,-0.3732878541283875,-0.02699594299537735,-0.04555990756321792,0.19057972046716834,0.32844396507955925,0.053432103641830445,0.08238137866340373,-0.08001915751667076,-0.0026322177877321612,-0.00012134552776218702,-0.00044738079934142307,-0.012936284204769511,-0.03131327703395555,0.21380533703753052,0.00362255808334947,0.5398610399437471,-0.07656863480597627,0.3154434502526458,0.12452871016006328,0.009955101073028947,0.3914018968628214,0.25568528453294664,0.07157822759713853,-0.00039526282608793917,-0.018815049834774326,0.1570742662099808,0.21703722369853184,-0.24239043539201147,0.012075279316641957,-5.314844020696759
0.04592638249247692,-0.6320256486065106,0.36577419845553066,-0.34745018483279566,-0.0013227544661271132,-0.10453015412273642,0.0756146154810099,0.19771360515178082,-0.04288480856025659,0.027608386991953976,-0.4251969034120339,0.03650578551678063,-0.3071582890555913,0.5237080566870216,-0.03682415500640476,-0.13608659526732236,-0.07444428957615186,0.07071339095344385,0.2644981064947906,-0.09904663578606246,0.10139760430539208,0.17678024171553508,-0.260461826538036,-0.2954773339099218,-0.0020435580041730894,-0.0011175667596620357,-0.00027958520165498145,-0.06274069948765312,-0.00410949454220128,-0.11944564215469029,-0.0029244436001779617,0.09200735105635172,-0.32949968130075186,0.16811566012033297,0.051102096603026316,1.201199197852269,0.054479144474542496,0.003516983450254029,-0.0026644818683293388,-0.002217369756147269,-0.02240874016287314,-0.06046851004782304,-0.04137628833363414,-0.04248154127145158,-0.03099073392023031,3.524073147629679
0.19656186468560893,-0.22370636991840487,-0.41845555855556527,0.10679195131494572,-0.11155420712396391,-0.047883629133454696,-0.05106436490883047,0.17175773103327285,-0.0872086804336774,0.09102532461529593,0.1266672143107315,-0.021484506757381984,-0.1271147854376483,-0.2220082694969768,0.1654710609701088,-0.14418761866214855,-0.007826269369293941,-0.012841463609023654,0.12400039169880087,0.10836011654335787,-0.0025316597478889304,-0.0845576220684775,0.16746242485257445,0.1347187016511285,-0.0022859436198312197,-0.00016917275037138776,-0.0006450051231040942,0.0021548906539190114,-0.003311393668468734,-0.012058526031364742,0.7210492877177577,-0.2565928087344811,-0.028049528415402297,0.09209011063388285,-0.051236034212560844,-0.1708147455843369,0.04615671364826169,0.01171925221086152,-0.009581593003023057,-0.0006012461686547769,0.015727580932772385,-0.04545140409525242,-0.09157920927970976,-0.19950761980070444,-0.020104949887254763,3.131304648978033
0.13006028036012007,0.23724284707785395,-0.13948533422741793,-0.28463399408705664,0.024233862853789086,-0.15443593682777706,-0.04220570155544661,0.01562151834524497,0.049499797276209144,-0.02135129047367232,-0.0019266637662199724,-4.583660258795188e-05,0.04504533800389639,0.03166656566923539,-0.004806147300150142,-0.12740014060386895,0.22924525269608864,-0.012296570366145171,-0.05023523624378313,0.031395674807206446,-0.004171868727571462,0.1336688476517866,0.01412635898055369,0.06041218393434708,-0.001230285992864156,-0.0005319932464343267,-0.00027144637776703906,-0.026550857780210286,-0.0023207397576513636,-0.02717593295162225,-0.06037858972717154,-0.11673179577972785,0.02545571817834513,0.11051819843540019,-0.0821205220327172,-0.12594044293064027,-0.267395401716236,-0.5574111162781635,-0.0014898734837687333,-0.00049541306825876,-0.01569727249659695,-0.017111204234802106,-0.044195573638977914,-0.10480073552366716,-0.023935006359659058,2.200963565518779
0.16953515511428002,-0.315973300374273,0.06407686564948328,0.4990444240499807,-0.7725571433161889,-0.20715890584496763,-1.7112196972932525,-0.15595155254177875,0.050973099387770185,-0.06102680023422054,-0.35910302745315226,0.046068378866751976,0.12921361231652964,-0.083556042193447,0.051196353644549296,-0.21641986805122423,-0.09830155243913391,0.19598829052348346,0.15487377847377035,0.07711414012830553,0.011622223811996398,-0.08343102380299394,0.15514548467308803,-0.3307791637452972,-0.0009935837057059155,5.711202384450517e-05,-0.0010007192730849845,0.007792054871034689,-0.014010535036828893,-0.06708358580845403,-1.4711676331113612,0.08443678538178803,0.02322836747214052,0.5779072013376855,-0.0018278833190400893,-0.05709284641762839,-0.20863066224953875,-0.17958436959504084,-0.004141349231782618,0.0013071050980864873,-0.011451759332904167,0.15357522929857104,0.06467011974431142,0.7184693148717848,0.012466000247591497,-4.439202038737666
0.05156511444323718,-0.1168765299125572,-0.05649405649164264,-0.5692481754012932,-0.025165874526596885,-0.3150555411708152,-1.6650842452940673,0.2663093818246424,-0.12478447944604222,-0.03710063933986534,-0.03164649530401517,-0.06520121935623827,-0.1501990849348841,0.03580164186048752,-0.2671441005966132,0.07533645488301988,-0.07518544495679938,-0.12285144498786812,-0.40011434746261415,0.08170349766632912,-0.1957458771096688,-0.18075856412346317,-0.13839503576151518,0.4709854768013447,-0.00222790888030241,-0.00020520767325094707,0.00011549973008278859,-0.05518205216782151,-0.004055612608412719,0.04755549097768734,-4.870994364243536,0.2174327579219502,0.03721143864416626,-0.023003771565583482,-0.2174738909460996,0.06799370426332534,-0.12133638604422954,0.16060861271132906,-0.0057738206148033,-0.0010423822145484646,-0.007230901835279102,0.21664987673799455,0.07741668491321543,-0.18798387007725123,-0.16524065008404867,-2.438745591751599
0.19209391151131464,0.12338165565013699,-0.1334631172737579,-0.10895163193795206,0.0342492559863692,0.5114942914426939,-0.07715883145489694,-0.02349710359236537,0.10565947198113704,0.1140618283662294,0.18170264712306158,0.017353420359708664,0.037563547270755254,0.12384960575647495,-0.06594188863703901,0.2745659833298912,-0.06350541462496026,0.02019642938860014,-0.07203255661929156,0.05494258315050385,-0.00216778210358003,-0.021126740085395102,-0.06622837967722733,-0.10901540267473693,-0.0021445940116346478,-0.0003617680075369208,-0.0011560616470430091,-0.0006282924384190675,-0.0053799178791299265,0.023736065754107104,0.555014130217852,0.04761372067247684,-0.011502119513835191,-0.05170117192315886,-0.15382333231639822,-0.050120293114388315,-0.06176594243824154,-0.05002177574051809,-0.00467081342633781,-0.0006491687684611123,0.01361138827880184,0.05855156214344252,0.33975701453299184,-0.03943026312039754,0.044827654200259665,-1.3382308949506403
0.1908527575584843,0.540646083053989,0.21934703418399945,-0.1655384523964351,0.22667050679746112,-0.21073386282062187,0.07184970135833972,-0.3209761478700518,0.20238090356944996,0.20434520211826362,0.3672335214512849,-0.11329930557434303,-0.12585403611953927,-0.12337019174819543,-0.02277279828117143,-0.019579215672185846,0.03255267901614239,-0.10137398494262713,-0.12366049888096528,-0.017266084392434655,-0.03610768031655317,0.20090920523094385,-0.07936979495611692,0.0358981445920348,-0.003294891449348252,-0.0003557388482427765,-0.0009574241337590646,0.006339226438375345,-0.00015803415750570782,0.3098352366015475,0.35498446092198244,-0.04763221815383299,-0.17740605169316664,-0.08393979524288621,0.11951762117300753,-0.00023083372956370543,-0.14605196142027288,-0.0044208797911113856,-0.0018918248008364337,-0.0007042730664429325,0.04412258289941296,-0.03324230943072908,0.0747500734531171,0.04392873434080273,0.08373343866276806,1.3456461961511148
0.5622243938323874,0.06320356852749498,0.04507451500695861,0.16598404574064893,0.25643265704464185,-0.14903560592594117,0.23644434484758525,0.10812075338243206,-0.007868463497338371,-0.03230854998699371,0.1852512571388724,-4.796561315266482e-05,0.06761116488484394,0.035542645556171745,-0.0042586927839444524,0.10963535502391755,0.005118550641338201,0.04539985251798008,0.22431095166931087,0.19635107467586507,0.01658552378732237,-0.005148963422985403,0.01280749923001567,0.05749497052171901,-0.002561507489371304,-0.001402108659645999,-0.0008647939123253799,0.012762212034321596,-0.006190291872953058,0.1524416999693838,-0.13453293708180167,-0.12135065963060253,0.23150755257595776,0.05462780609754932,-0.0011842961280733753,0.011308273635003,-0.1462628226212132,0.08426107494161003,0.001735564846418626,-0.0005705363721150579,-0.00040008104513973103,-0.08815026728841753,0.0757696695632275,0.17256002420556443,-0.060014059468674975,0.22587509648940307
0.10064643116412698,-0.08795578632526599,-0.043471596847435776,-0.468069447351929,0.17782531601652574,-0.15132918895333725,0.22791789020403266,-0.00309057971378608,0.08401861107964496,-0.13716316668659823,-0.7302889465139518,-0.013225908369712519,-0.40342859021153377,-0.0837793477878487,-0.22013255294582598,-0.110602600550362,-0.05372447747100457,-0.04176521454542229,-0.07410198077850587,0.15278173110681234,-0.014704758183910519,0.07247183332137402,-0.05254195752334157,-0.3057373675376698,-0.003029487655102097,-0.00047585111003610795,0.0015329132694924855,-0.018401588532749286,-0.01660031883802108,-0.10220666779944776,0.10630964801162003,0.35127911916197896,-0.19651991250985115,-0.9183775744762535,-0.07816056508243399,-0.008683918058677895,0.3866942340729723,-0.31165187925633253,-0.003397612499776111,-0.0016044632292161725,-0.00347564241389709,-0.06188153311592812,-0.14423963650832763,-0.101317708548372,-0.00876343834265651,-3.936211566614126
0.013269580607267682,-0.09288299069116603,-0.09888994796930274,-0.07908176933082882,0.1082077249723816,0.13750690336775365,0.19784534153899647,0.06504828763715352,0.021115296184771495,-0.006059843622643972,0.08225067030760155,-0.009056540485126639,0.19002221873534092,0.07606964517024149,-0.9778401945865428,0.05483846379179984,0.048768297608617235,-0.5341407781246111,0.08589042490634899,0.13718625747603594,0.14181354157248396,0.011325917512024565,-0.029816062844298753,0.771293295488955,-0.002139555661048788,0.0003694937855791894,-4.756789261186183e-05,-0.003343363923642688,-0.0024675157306920403,0.13952881463454198,0.20661976397652526,-0.029059466914815407,0.5014626702742518,0.003212094336734761,0.08437860664337136,-0.08580609093550907,0.04741668997989479,0.01243804009217512,0.0037618910089638946,-0.0005345336390354651,0.0017150792083438268,0.5392709181466186,-0.021603513970549836,0.20609489861039992,0.017974101952904747,2.0331678546420813
0.07375631901203618,0.6038681050755812,-0.06801120555037617,-0.07639086053018869,0.21649951401177314,0.10227122748167776,0.19471101877637598,0.17323328456947062,0.04762078329453551,0.08944380630436997,-0.043287372258538924,0.17544108450280152,-0.08945193747003816,0.024170531421423544,-0.04409293496866092,0.10140054800128571,0.1142646217117843,0.08617981842029175,-0.014294304831927219,0.0031593541027127277,0.07223673365965831,0.2544506712242607,-0.11331808214324153,0.29896643164499465,-0.005084421565137709,0.0008853078529569591,-0.0003565706403066129,-0.002519823326021981,-0.0021634260358621197,0.10926358007449916,-0.08080190459086506,-0.07545025962033951,0.052795063636816505,-0.07562199225652043,0.26790504863518194,-0.03858405426991712,0.06330386573259643,-0.08053141334204418,0.006052708117864816,-0.00030233729591168693,-0.003501350380408885,-0.08651119629395508,-0.05105333964345186,-0.05670731084500145,-0.03409345210177955,3.149944227379795
-0.015053741941902286,-0.17917245868016793,-0.03370977255726241,0.06720934237243611,0.11732714417211625,-0.6192159702602762,-0.0080898081906954,0.07040577083706312,-0.05382504435655513,-0.023317476388668566,0.17902089788237976,0.08552720553189642,0.10864040522875035,-0.05594823227876042,0.005138632874142255,-0.23451891013877516,-0.033495105492661194,0.07904459675251845,0.04281701437824962,-0.1595886521508398,0.021240223699937354,-0.03551894411282067,-0.01749353010314697,0.22680328937027852,0.00017552431364832154,-0.0004683045604711641,6.295638095038994e-05,-0.0022432899413675463,-0.0033225636699893593,0.022542593465430624,-0.6816393123616137,-0.06541647623889524,0.39231424278429344,-0.04725913508196193,0.2595606048945857,0.031127464128506723,0.052136941765168206,-0.026978506257817666,-0.00019056164112818215,-0.0004387669264321204,0.020780252667193758,0.10617271235958341,-0.0005626857105535696,-0.15105899757132912,-0.08292411471783462,-2.763343353800249
0.009453141083893847,0.5763946330108615,-0.12519252071657613,-1.3614676392296556,-0.050749429188731376,-0.9372666636816761,0.12422990354223726,0.019292982168057266,-0.014984209296486521,-0.05444920675677349,-0.9454975809464771,-0.09875970423379128,-0.4578090767154465,-0.17532373793822506,0.045648558147071326,-0.11901268541155346,0.33409754341556497,-0.03316290547518938,-0.14958017295961143,-0.5833771023283935,-0.06431914195334344,-0.015549768168493103,-0.04820976779657178,-0.49101427644474566,-0.005466042781130222,-0.008853843791671645,-0.001318710053368824,-0.0033880858992973374,-0.0027680173522924277,0.14271924615260118,-0.47267503012795536,-0.030309205602865815,-1.0900651784281896,-0.10053324680444553,-0.6150088627784136,-0.27786328223815854,-0.2348587864405155,0.059806589826031105,0.003121621713130576,-0.0005924631370321167,0.03188491754434328,-0.19472552856509942,-0.11208605146446662,-0.12004518044237618,-0.10151062799860183,-16.91708333558633
0.18610563639466657,-0.21856788677418906,-0.10992134668514214,-0.014351415892783236,-0.037521835102265345,-0.18722957128864715,0.11562037493747315,0.009052166033776782,0.05730847814171949,0.08183234809753037,0.0015846067740935199,-0.0356027500968666,0.031202749710880447,0.038817672189107116,0.026914224733397413,0.03158069448152992,0.0004447554526982792,-0.011731085070730873,-0.08260988686133493,0.12242499741591373,-0.007988530903810164,0.7623924077591776,-0.0161234089839465,-0.013195455354590449,-0.0016393313630595752,-0.0004540854805598618,4.1043627835676406e-05,0.01994833037176458,-0.00488086282480068,-0.06685645855428023,-0.04140433922814947,-0.1542676002471309,-0.1966064070145267,0.024420879714759782,-0.08840531354927171,-0.06835305193333442,-0.2785735657043424,-0.12726490827614056,-0.0032813522574038473,0.0002252181543910079,0.0019538978642003922,0.0729453252242865,-0.04619738182267206,-0.07928346306443558,0.003682082844924083,2.536854320841603
0.1652422583538136,-0.10193881018232238,-0.14080625766561158,-0.2368091587732165,0.14308046112633915,0.14331300311188577,0.37651144384089785,0.18161160355452488,-0.007108656227930939,-0.03086571260262889,0.33682716253243683,-0.0033070949085249163,0.017283163327334365,0.02634292731586336,0.020043176628011604,0.14231586502430438,-0.01900762482763886,-0.01686774471377793,0.025564621306414497,0.07602455575451922,0.015223857382988249,0.005944262073077835,-0.04283685433070435,-0.03003729302903766,-0.0034801527635235966,-0.0005677484693061571,-0.0008672177254037401,-0.004888323712142982,-0.005463926375022681,0.05571783376933315,0.32760389510276355,-0.026723152525248827,0.18809230857368262,-0.0025836602141714586,0.10450939975097663,-0.03377684482346652,0.03711184446134961,0.0998344501857065,-0.0048413329254972225,-0.0033466586828428562,-0.006997267519814558,0.054169499340565266,0.09328786036866285,-0.039930276191080874,-0.006856079957405713,-2.017749826245677
0.05929946244445539,-0.1682910789273552,-0.12071241052108982,-0.09875108739041855,0.19072389840499915,0.7823890858390686,0.16683698369842284,-0.05740682835681157,0.006167772418719138,0.01606095188216835,0.08061340548750529,0.008315897241334212,0.10606837982116397,0.05544768170825947,-0.035084102955788794,-0.04212419629510054,0.0021184917190599705,0.06359042684042764,0.08753880262984978,0.12349204515418948,0.09500246910193307,0.18425788486705302,0.021332692733095206,-0.06078210374855968,-0.001899091562661107,-0.0011433498858292538,-9.725354053075671e-05,-0.0013156507635161817,-0.0016197343772576217,-0.01697889917757404,0.43442804640164007,0.0175923514358985,0.045453780441362335,-0.05918936867875553,0.5809516875057376,0.006359354761678286,-0.07874106173232885,-0.13686042771531548,-0.005193988789552539,-0.00020619567306794548,-0.01471405573423964,-0.09756327692355976,-0.06285734615093727,-0.03371147508940079,-0.005445619083209746,0.9059740005850268
0.13645254398790954,-0.11474299665020508,-0.11135002233875951,-0.2025396402631753,0.19593914780337734,-0.859304244227292,0.14192627802075833,0.11682266973839976,-0.013091625017888265,0.04800676780869348,0.3054036515762656,0.1345858812032475,0.03735647771063831,-0.06558482509839224,-0.06260083679118827,-0.052921050012167084,0.015317113969791912,0.11450334583968963,0.09813434401200732,0.3709082827813669,0.12659138245640816,-0.4243201471180873,-0.02764429799172782,-0.05494723420630509,-0.009234056212522808,-0.0006086727647503791,-0.0017907899452406565,-0.005687312177683314,-0.007820734980704088,0.015397190387374107,-0.17313203055084642,0.11726467690586367,0.12265331366799856,0.01360779145569864,-0.027323596060122485,-0.05674485475945964,-0.13610234589007472,0.04539819859080246,-0.038438072191473945,0.0011240029458970955,-0.009792748380925165,-0.04429605026410146,-0.05674112643813842,0.01795020116506188,-0.07072154780893937,-6.871854244142286
0.40271213673311024,-0.13520020390061005,0.05936792302100943,-0.10896032932666934,0.11577989386465995,-0.11893542531086662,0.1301479107264308,0.07580002253957026,-0.013729778469217377,-0.03017449496188491,0.0902674041419112,0.0018322983668268974,0.04697892939046427,0.08658845718655243,-0.027713532996739194,0.169551613330392,-0.03330134922114134,-0.005985836824265137,0.3437810206561584,0.01976556793433398,0.00752113060660841,-0.06396074423020315,-0.005222110069328273,-0.0876464268076772,-0.0031673812322450196,-0.0008194007684238345,-0.001036555040485362,0.023064528012263805,-0.005065923213491246,0.10760293916270361,-0.5564094399677099,-0.11723355817848675,0.1534649631919978,-0.03152341108301529,-0.2059492465781929,0.17480872542423737,-0.20548030554342436,-0.1216654669705712,-0.004188462403105584,0.0019427292038107571,0.002205678708132181,-0.0657193688328644,-0.09786887544485061,0.27036678949376447,-0.08123545076849999,0.08796446204304616
-0.18387152802476095,-0.36759131409977264,-0.11788618456371135,-0.18176265563550145,-0.07191150729772314,0.07404522110432754,-0.7258290460934588,-0.04089708799943015,-0.486681006610952,0.020317448465529072,-1.9429540331331854,-0.02549356857012334,0.09311254256145346,-0.10964688081342164,-0.2074232900146158,0.6369718944987773,-0.07600016790089487,-0.06110212041051651,0.25762833117612977,-0.578847164130918,-0.020668386743329253,0.028397382228779598,0.23012384637903596,-0.9372382796951485,-0.0020291094327704973,-0.011175716877477402,-0.004609758692049436,0.2417356065623559,-0.022976800038678566,-0.5133198869802761,-1.3704328826322572,0.5152145505734982,0.16532999068667587,0.07066867217728136,-0.25268305977594363,-0.766519534058513,0.5098650175361104,0.4761324565194505,0.003295426251341513,-0.0011099041755518067,-0.04617599480745936,0.27741980903207053,0.30873675710479853,-0.08097625895843025,-0.20269841600796845,9.799572865794453
-0.7850217686700979,-0.3840158227595548,0.4962499559753087,-0.13043489914656187,-0.16080506288464147,-0.046687111110470324,-1.248801999906791,0.30852929688113423,-0.020101018516945006,0.0529054295264555,-0.3987769222620758,-0.01983312394984327,-0.06589944565152851,-0.7305348572356144,-0.06164118387423536,-0.12830427186179968,-0.17476441945168578,-0.08899449698501544,0.20993655716400725,-0.05709259579054577,-0.12074592786961028,-0.3732766896700198,0.030109278102034745,1.0282268657816052,-0.0030891675765341723,-0.0014497464566309115,-0.00598580399098455,-0.007987762155813082,-0.007876628304504056,-0.06643122963168838,0.07153902690911289,-0.04421390172373557,0.09156763427108448,-0.032063712995832154,0.3204838145161339,-0.13123900330427474,-0.11846569168953162,-0.039659335273575305,-0.0024660071777693805,-0.0011710915661385273,-0.010948572698033638,-0.004809042648663008,-0.09428540736424244,0.048073226897446114,-0.18720267680301905,-0.02745525159145546
-0.03434173015412847,-0.8345889754364478,0.22796350970624266,-0.2372164565801724,0.05108501497642989,-0.24877418634635018,-0.7084759614970957,0.09034025532871226,0.13211476183207507,0.142024102520169,0.4920348415782048,0.10416648042381833,0.0380569961166121,-0.14246777862600363,-0.19367433396523945,-0.026651354766861143,0.3757648808207047,0.06212711208323216,-0.17110165670262742,-0.02904417405565512,-0.02243579630336238,0.5994349309162751,-0.02852564076911686,-0.015661453125095207,-0.00157425019127838,-0.0007100031478764468,-0.0006788400592965732,-0.03650376109398326,-0.005644198440471309,-0.004690461357470399,1.3469375428856334,0.02942793844408512,-0.024954696347276362,0.6995772444599256,0.008597556835093535,0.3248669040572611,-0.18801212572727496,-0.2917519069864214,-0.0044915608416840015,-0.00025087876962411797,-0.02188073390886171,-0.07864734267976778,-0.0024370761732574985,-0.03144689916428826,-0.004275733153108366,-0.609561079630649
0.15770574559306577,0.06384383405661423,-0.2645790291928929,-0.3566419342718082,0.022633653409103453,-0.1578548911626876,0.1732194932930888,0.045224806104624676,0.06754754032616238,0.048521605846419694,0.019075139239912827,0.000805641568107466,0.06671992303937681,0.0022831527439420483,0.042163077957286646,-0.059332635064870826,-0.04985729080708028,0.0026057455481503563,0.02487304904719106,-0.019615513943958964,-0.016274726600790285,-0.022859051675356786,0.016113411220395467,-0.0278377555782195,-0.0014855804082884768,-0.00022292667650131417,-0.0008200167109847751,0.0037886110104868175,-0.0023476129153787067,-0.021508664161772606,-0.21450206145107223,0.12654365298022913,0.22205950103326086,-0.17623959395279057,-0.0402662932556079,-0.02502267058124946,-0.19047263854298124,-0.016033303003045153,-0.004709361600981846,-0.0007463049382847386,0.01693773805315143,-0.8251785199629887,-0.03486528776856296,-0.034511929744333605,-0.035017778221507145,0.1474880988978101
0.18956475162127728,-0.3187206159759056,0.03467293426080037,-0.14085572928134793,-0.1974638120267065,-0.36903223302160776,-0.2433862632150062,0.22802250514831293,-0.013154890778503922,-0.007415692707401452,-0.13278428869433145,0.10523809337611006,0.1400152749721096,-0.0911656807429863,-0.08045655731870142,-0.031116345576080073,0.04199921991915185,0.21283713038629942,0.02277705839149936,0.052707029237499016,0.13920912250811587,-0.044317140569915967,0.1381563536024151,-0.09761276425628891,-0.0022597687973028584,-0.0008741110555018323,0.0003239177623487248,-0.020394845550267843,-0.006503988211855886,0.005062780411250531,-0.24729072738531474,0.026828415888258357,0.07882060421054399,-0.11627742773279731,0.2691816350888504,0.04688805913467154,0.19418906882417988,-0.12572826901464992,0.00012487149204172418,0.0007383745809725149,-0.004929384394969776,-0.025636452368626994,-0.01643155596675998,1.8973322841665683,-0.036802882835548396,-6.3375770435677525
0.01730872116821397,0.38578414536639694,-0.029231637074056814,-0.2159774371579978,0.0826581405506699,-0.030326588118097565,0.13706993507137688,0.05888741401069716,-0.007705076883884835,0.08057865121425586,0.0862381340640218,0.0013867175748492134,-0.024245867707274143,-0.03228122717478825,0.04444222675509165,0.02772871550829306,-0.06605744607228334,-0.012694216031111937,-0.029194240496038727,0.1235729229964704,-0.014687190623837765,-0.07688384202239167,-0.04820006558466417,-0.4158209856845768,-0.0021821077211370108,-8.573133739318525e-05,-0.000949747440875862,0.002757639546056076,-0.004003923622524901,-0.10082894676580896,0.12021253833081241,-0.033603122934264276,0.11406547887780714,-0.009745534360830027,-0.021645918505350772,-0.09695303154348293,-0.049491378959916614,0.012603905668552268,-0.0021953164342382275,-0.00010815496923340981,0.030953764704177815,0.13059841867647642,-0.007662971568719041,0.02754743236963132,-0.09164558529486704,3.5932236048099253
0.17800325272951395,0.11654351226258461,1.0826669095311965,-0.18957687798579115,0.2997308641029354,-0.295908599915269,0.5200706905485593,0.3095413698222726,0.02019939548098396,-5.693207958050576e-06,0.23148991608445185,-0.00748791015442369,-0.13414624994462335,0.48581627946368877,0.02439827196127342,-0.27541728239704516,-0.0952710504692589,0.002864448331927058,0.011528249483510822,-0.82890089173502,0.027559321231746134,0.46843832414146774,-0.057419985223517316,-0.26406526031527555,-0.0015800996965607181,-0.0004555759432648041,-0.0005394788565045806,-0.022475955703447435,-0.00465830313813211,0.036147325998819584,-0.07969000817478329,-0.028279762833451873,0.40674886031527824,-0.057188183614503084,-0.13153034725847715,0.3193618451661167,-0.2280289541830839,0.5391375717138208,-0.007661815574941047,-0.0020616904912937268,0.0212203597080767,0.45137537090106267,0.9977580157038307,-0.5071302322752888,0.21587184656382666,3.3920753017838727
0.11522652270848881,-0.3276299789166887,-0.03939428374104503,0.20737227291737217,-0.2852693403165366,2.010372155974464,-0.02840042385482198,-0.022977927316278714,0.13792830031928247,-0.01639541554248064,0.20489611729595486,-0.03695039209686436,-0.062070847152644215,0.261140942112406,0.09750212427887946,-0.09810697484019147,-0.09054897458828748,0.044940254475448166,-0.001050758578628176,-0.003917247128606044,-0.0015620815280196541,-0.03166572683519693,-0.009800312398038353,-0.06082575818961635,-0.0020826952313971487,-0.0006111187929791017,0.0008883723414595256,0.113828525007318,-0.004078051498275745,0.12391371074934324,-0.34821953009717216,0.009041157091438818,-0.09190053142200477,-0.1015524321921572,-0.03193599765881957,-0.0045301213340120765,-0.2507825691025585,0.001610658177139338,-0.004578198160560635,1.6173967704086e-05,-0.007487653023973715,0.026280284774169303,-0.024609536675850856,0.15038625355436402,-0.07173116461225439,-6.615921402563143
0.2906256831109737,0.07858168980884553,0.3492016495369092,-0.10969811262346556,0.13209752094128374,-0.5714828437524976,-0.15416308514651147,0.2553614105303303,0.6032680126287,0.3368349848452469,-3.495482397588432,-0.24976127260382044,-0.16642746969310987,-0.4398320666543821,0.3232728463393341,-0.3444881439005115,-0.23744426335124638,0.10315245334803937,-0.08585722356521569,-1.2625981147279761,0.13051906036884622,-0.13067062970158247,-0.18895005668435813,0.2561168371047342,-0.0041020617810191085,-0.0005010078724247152,-0.009267856365301322,0.17565065454563975,-0.014647581687155175,0.09156664168179507,-1.228723200967121,-0.05103118006350106,-0.09871774914606465,0.45269483402459637,-0.18214499451821403,-0.20441923667031595,0.019099105353409567,-0.3896446030872542,0.0046662976266507675,-0.011758778556247983,-0.03135758256995421,-0.12257974710834106,0.010395602803270237,0.09085401351684073,-0.14567678203700624,-3.2705352695843493
0.09562399068906573,-0.7045913222209612,0.05757521234451948,0.042886630159775084,-0.05541791206623602,-0.790974460296306,0.19938512093047484,0.08416943666179502,-0.06261729002004955,0.005026706902743677,-0.03899443030095474,-0.028017531620587968,0.30068681450431883,0.047389294608204145,-0.04946825320634248,-0.10594118050604943,0.11555051347935642,0.006638594835720659,0.21772332970363306,-0.042233168156854684,0.03397171327884479,0.026899803501119906,0.07132836054629604,-0.12704240881478854,-0.0022344083114691597,-0.00029176578060670025,-0.0016678429067254823,-0.016346104952924545,-0.004701871933786771,0.04782507497513103,2.4578843595908078,0.22830160914587466,0.04918505236857769,-0.19855323717165682,0.2639557462600671,-0.11077960811694999,-0.1526165264892286,-0.07176699520918259,-0.007134007368793943,-0.00041571009371689055,0.04982429856860047,-0.10220417544713482,-0.0794434720063497,-0.02331436131958608,0.007110070134859248,5.614861381200569
0.08583769410072664,-0.08747935469346312,-0.07703537791741089,-0.3879155838951901,-0.16539121490838457,0.30452249106749296,0.28092732778674473,0.15948504996704643,0.016247412995328406,0.09676870232397097,0.5947634351663286,0.006719879767344497,-0.1288456864410471,0.0075868947193044765,0.09147903877461117,0.2911701881457334,0.07224849704086102,-0.04957661776239431,0.027069198287746416,-0.06544715097924098,-0.036087428397746396,0.04452738531180946,0.025667477087784375,-0.08610830852680881,-0.0005426154206275801,-0.0006410989045849471,-0.0010569174157885868,0.00670164637620471,-0.007799863333087352,0.06082891250295619,0.15565790073366065,0.03484383407790391,0.07057126923376746,0.011048260007137987,-0.1518772277439292,-0.020260479173328096,0.2246838469815154,0.020701855610890222,0.014222643100900647,-0.0015409776567663538,-0.010846928877830248,0.7274766964241441,0.09541344398294548,0.06382017824833255,-0.02826061219231954,-3.413870054402327
0.21518392242700415,0.4056209676701424,-0.0618351080806441,0.1263430979681404,0.025182767874861206,-0.17139630450251972,0.12933719742825742,0.08352707804221211,-0.02569068466789758,0.1288355198954549,-0.21050197902753218,0.048931224793694855,0.030886113668378342,-0.19442005402928103,0.026073419026891448,-0.08229494248323202,0.05023680958056754,0.009988410437643189,0.04447689283717783,0.311932934277184,-0.0017998137980885843,-0.11135492340309557,-0.04755609914117414,-0.01175029269909962,-0.001700256298063791,-0.0011577389817135559,-0.0005439012685268522,-0.002841383217577668,-0.0033272979862902564,-0.07706322856838434,-0.06670905339989158,-0.10288109155640764,0.06528119502131595,-0.1636587170541071,-0.7956715440696003,-0.23325722192219125,-0.6916536817790095,0.01232823195927342,0.0035319675322213954,-0.00046418528638687633,-0.004458295939781794,0.017402881785535812,-0.05128067856750383,-0.007973941996059131,-0.009250567818307028,-4.591584578861558
0.10705315428654107,0.927436152124674,-0.07307759667945121,0.3158846747487488,0.17001515175841939,0.04197730746972052,0.34617578840857083,0.13419957199850857,-0.005415319048195591,0.1709309901312737,0.11689706562487873,-0.0012126964426835394,0.0802561665886473,0.36985474563491855,-0.014460350837348944,-0.003803355794389059,0.01240109618095837,-0.00039160823944645235,0.10217836124062354,0.12863591560808507,0.0023679729132619434,0.019984459656409628,0.07030599959231978,1.491314549111488,-0.0017523081885962302,-0.00027940415570044854,-0.00044273308191014724,-0.013922503598800226,-0.002506893323587638,-0.06415239127147165,-0.19218411211812764,-0.16762315286153337,0.10056009768664699,-0.053406693424301474,0.11040412184513462,0.0031186466241757515,-0.06816131798954123,-0.06382067203012493,-0.001324087733256868,-0.0002568679605318877,-0.000901016681527704,-0.0298843428367434,-0.039459546045727,0.006590736706825477,-0.08335645669567539,4.144750762475703
0.4060320329659392,-0.0066510884953307585,0.013472228644062462,-0.20812343016652055,0.26792338421997686,-0.6314598542115415,0.0505990069853006,0.04118955477670431,-0.024876973279865447,-0.09420053032100077,-0.25736546354634876,0.13963432718184332,0.054429589769060954,-0.08850988863839869,-0.03719738387821649,-0.15651417397529344,0.12915830963811545,0.05785518202341533,0.009281025131154952,-0.12149933466763188,-0.03387652359841887,-0.10863630117852648,-0.0471930922669311,-0.3246765531009418,-0.001515472472902068,0.0010739591455767037,-0.0007337113481540153,-0.03943911448628997,-0.02155129872048347,0.1451614339613855,0.20210923408632914,0.1599934733204898,0.023517237646598972,0.16675726829005355,-0.07217942695975023,-0.08874311052240912,-0.12681554086803717,-0.09527388082070769,-0.0033878886331077814,-0.0012350507097227304,-0.01576358902722904,-0.07595235671952563,-0.07476708903252549,-0.12049381442668405,-0.09941523926849799,-0.9732091178389425
0.06789890638408516,0.046720411607436195,-0.03508515198959821,-0.10124422112872732,0.024300555221546002,0.06940392955151203,0.13866816894674203,0.042487725815217675,-0.03220042685618991,0.20207350680552513,0.22385154399193863,-0.005456544475665474,-0.006817190626969586,-0.0521454582555572,0.004946313592640653,0.06625225205402846,-0.0026365100316053506,-0.003582945817636764,0.18222603120638903,0.021910877230852766,-0.00964066565513826,0.13635634716390685,-0.029921162446837075,-0.10148841548292004,-0.0005384369585484721,-0.00031819730524680113,8.697506276305924e-05,0.004845528574371132,-0.0034571197820808144,-0.35427827868830164,-0.14976814362694604,-0.1700412447449655,0.0266426492400781,0.0108118632161697,-0.05579676962734779,-0.4443555469049915,0.07628472124416553,0.36861611639916514,-0.006587259289128713,-0.0011213716552073434,-0.03615861666479596,-0.04344522978435608,-0.018890869599841566,-0.12681020380812727,0.1364005539256373,3.52445599813083
0.42723300508405837,-0.43071199944078614,-0.1029338138920038,-0.2320814870974859,0.18034799912309685,0.09839956949173241,-0.012125135035069153,-0.44019660431882995,-0.057307982606629476,0.04829072274365219,-0.2998286458947773,0.023607908282602907,-0.09032017557472896,-0.07972320756542454,-0.024551066076088455,-0.03763887183546542,-0.013989962354827697,-0.002869453276578833,0.028722233586710125,0.09357921535059675,0.005619576348711098,0.0018808595715032262,-0.029651621722718173,-0.07649253527001318,-0.0029184083456522967,-0.0010699323255570427,-0.0016934417691649788,0.01732236684053689,0.2662268328380291,0.7113572699092907,-0.6027527660847255,-0.05106144038980039,-0.022077005399343864,-0.07681689689441648,0.020534599071953964,-0.03621724550699064,-0.07860438197237826,-0.14873217219337817,-0.00452162761117151,-0.0011329486025471003,0.09061815288028831,0.06792355040038495,0.036189798573208094,-0.1173556750827703,-0.05155266046363283,0.43019467972802766
0.057333298653764436,-0.07801547083169302,-0.006360328191579722,-0.28244515356235056,0.129226732140132,0.17314876442390806,0.39224426572710813,0.1816822577231865,-0.04211779154253841,-0.020464794371748786,0.4875302784208116,-0.006975128678035614,-0.05649692938805114,0.02783731101251645,0.010541591474819721,-0.09852430739467814,0.03497101375183421,-0.03294537863038714,0.03571899484718619,0.09267441639011938,-0.013534357398276646,0.12747545827412862,-0.01999339828587391,-0.040456893675093156,-0.000753363537192936,-0.00029401642049909537,-0.0011615470775836467,-0.004130306149292837,-0.004278133399296214,0.0020305038582118973,0.0509604829797096,-0.05064692992898227,-0.044621604063177694,-0.06308148490112543,0.11497203889070814,-0.03551824750330088,-0.09280145707528877,-0.03253182897037488,-0.004487435956291644,-0.0014482104951023317,-0.0064908225657401,-0.04622749434916095,-0.07877346929463779,0.0018260009609799884,-0.04232601674121159,-3.2829706468826494
-0.166753347993092,0.24929394527921991,-0.07613731506669742,0.3178814729965376,-0.17134322463686352,-0.29305438212149804,-0.3084361105954562,0.5924148324853341,0.21473682611465186,0.11045918776629747,0.06631898433577667,0.07835385552434261,-0.13744328148052037,0.05099757303083665,0.15144313609651017,0.1101391596664385,0.16585664118812415,0.15354627980711527,-0.10965696527449352,-0.17583187287111202,0.16594249099670358,-0.03656179568048327,0.2703928479592102,0.1363888368088094,-0.0025619421111836003,-0.0003795432922287493,-0.0020383932386787576,-0.018534566098995828,-0.015965460429002116,-0.14120072094907257,-0.3633309876454578,-0.11499504668895036,-0.07102810028265212,-0.22629462102772882,0.06715167246334576,-0.06300375226845731,-0.16835981628757957,-0.11652428844282949,-0.0051722391136599846,-0.002024611226968582,-0.0009253696941566776,-0.272274585403919,0.21801590430365508,-0.0052656323710502054,-0.09594996965821773,1.3731697491876236
-0.5011260260851274,1.572687964022651,0.7302022398416462,-0.13799676574503505,-0.5206079900490774,-0.23178011545534352,-2.344761009666802,0.35254625752763474,-0.29167622766135554,0.05646307697997936,-0.17231122102277394,-0.08724108046668265,-0.10373361000771052,0.060822272573892444,0.03590942314308442,-1.1498941415217723,-0.13836619730044208,-0.028786850125279168,0.23864395692841345,0.1367274841441378,-0.11476070949751888,-0.18658381076457609,-0.24594551447830656,-0.47373599457112103,-0.0036705277087697163,-0.001089191652595621,-0.0017496793793750024,-0.015270555355701338,-0.020504790754399472,0.5905855013949047,-0.10263042521976,-0.08330350257727041,-0.048616237797737626,-0.1065796645073194,-0.238249305326446,-0.06373321290318212,-0.19827160094419155,-0.2186011330956649,0.003494821007676967,0.00048478537754443446,-0.005915068668391424,-0.2042171563282187,-0.14494019003418138,-0.0021355473289749855,-0.1403360525945205,-2.2269278133176003
0.028339497785541526,-0.2547874113530435,-0.442786953925004,-0.10400231746086055,0.19272101260996516,-0.2549753552625462,0.02252665819314425,0.15106844702919114,-0.030485154337466104,-0.036024824787096364,-0.03799930951440016,-0.005155785885529041,-0.06275175508022965,0.09489916236418652,-0.058555402987754246,-0.06411389352675943,0.04951724101498041,-0.016116515652666825,0.13300441497546542,0.3746660700180331,0.003426306134430944,-0.44935666785850675,0.03336778669877538,0.04251275055994966,0.0006511330378305479,-0.00030893067518809484,-0.0011143842734831822,-0.0016688048673226517,-0.003910607662993468,0.05396212786467535,0.9444644415085781,-0.034905038272132434,0.1462487913460917,-0.13756062141937994,0.18565267080051864,-0.1479461191192352,-0.3756161844292625,-0.055496559818222664,-0.009615397343722526,-0.0019319456852384324,0.022125327896587308,0.0598358702753642,-0.19741508129266339,-0.08536598511866195,-0.07739770770355173,6.173047071478307
-0.015281163146932482,-0.11696999061464824,-0.10069303483662331,0.07850468848003056,0.0841938744818913,0.07369000686353211,0.3346363449968656,0.03530229360132335,0.03754002012906307,-0.06349465731829104,0.13266593722792205,-0.0030490075967480397,0.3129166839210402,0.05680031497549076,0.060159562072621194,0.7388673181560392,0.016901246574210733,-0.0107550969770332,0.05018064510179833,-0.03542185627882191,-0.0059358704534716155,0.6087881864188636,0.01916452850901,0.8565021141879597,0.10221441840955037,-0.006122260661920473,-0.00045637288065140784,-0.003579937638527241,-0.0045145667249359735,-0.04520882500456923,0.2345943509111107,0.03638155518500503,0.08675213552926064,-0.004251913911319983,0.06493356897942004,-0.1252509533495793,0.0277264811996396,0.031800370453349616,-0.004884451696121131,-0.0004207154256783816,-0.013762718255432594,0.13501192891420585,-0.007743653294878356,-0.1245038804087361,0.21115433000199735,4.506699105092503
0.3157772267369051,2.9316387204052354,0.41616102530177795,1.496310031255156,-0.04270598137062772,-0.30181027871449767,-3.4936462843565437,-0.13756772140337628,-0.09474778519858383,-0.27146685028716366,-0.686938570949348,-0.17866776595214257,0.2940245661478678,-1.1400986739942955,-0.2472803359689163,-0.15777819178390423,0.7989053281311106,-0.15915047035011212,0.43113023810921053,-0.42021579942141385,0.06389041719427209,0.008700107807479996,0.07846310512236626,-0.4582938414491447,-0.0025008083945359696,-0.0006489594706892967,-0.0004211180591586142,-0.018113446968401888,-0.036229803842648886,-0.11149581118232019,-0.7643933448466149,-0.34223693453848303,-0.26627064437476766,-0.05472515539012544,1.3062333347044426,0.37416521896628124,-0.05512849970680595,-0.1510584923941514,-0.011761463268544622,-0.004517063578974379,-0.029460469198359207,0.5041347600002901,0.09162442143256072,0.049108712934765014,0.3531997201997691,-5.030637931013974
-0.10708155531683282,0.8551238198690717,-0.027573446084999717,-0.10380283261157426,0.05108822151486898,0.44621906110158155,-1.3930364589942548,0.12285839981140474,-0.006304854046749532,-0.07819135574648317,0.043697421222844875,-0.011870942591031032,-0.1582047479494722,-0.02378821865186686,-0.2410094648367194,0.05519746308044916,0.011414805902748768,-0.016757968056343872,0.21688330816240883,-0.16730272625794723,-0.012754563552377848,-0.11013706642663787,-0.28588155494065115,-0.18577338684027073,-0.004414635970760582,-0.00015147581395662875,-0.0007583632614860327,-0.011977424694155666,-0.003215667892738993,-0.03162759777489254,-0.5206305737815341,-0.06367816721228269,0.46640846728939944,-0.06301083424718326,-1.174469243063986,0.0116672171325149,-0.00042667372688308153,-0.21947082750453314,-0.015417878501899407,-0.0007776350376241838,0.01297351864464406,-0.019071164790268436,0.10255993658902757,-0.04469317054892166,-0.10154018171932525,1.7414600660773332
0.09300118547289261,-3.4342846633502035,-0.2505183429919279,-0.1064182881446912,0.11535443186167983,1.0854927908139547,0.03946053460871822,0.04661483200849416,0.02244449661128144,-0.057624693801515275,0.1481772572889891,-0.06320914101350239,0.06064585429871227,0.0007319422551808671,0.33455009165799365,-0.004449636822253192,0.018143165638694805,-0.036726418888615935,-0.001058518814169907,-0.014565857258834462,-0.053894204022497776,-0.15758101163738444,-0.003350171538175062,0.04532746810502043,-0.0018931422345175087,-0.00024574768318806644,0.00047837852285816796,0.0014612583223818135,-0.0025840727899941606,0.000657757499661724,0.0038327052051091034,0.012600207350029436,0.10985704545933055,0.052562521745211754,0.045750506410270876,-0.02948989764636872,-0.11313172634980113,-0.08139662177177366,-0.0014387155164861548,-0.0004693732307263068,0.011629342445484006,0.11176243612929475,0.2959330601161587,-0.05561230919718856,-0.1373586056842329,3.4887577463509345
0.09190161111555999,-0.07139230430289921,-0.07999422829157977,-0.018691540508409918,0.11163394086134587,0.1773080225211311,0.33581873610098456,0.09246217631194828,-0.009495992043944714,0.0693559270685215,0.07583653416928413,-0.00223254852099225,-0.04659557660476996,0.04546265844559062,-0.011608082681494037,0.28383143156363266,0.11599797448682576,-0.003714319203456172,0.15275638750030596,-0.17426841432118,-0.0025544148569645654,0.0038248957559460753,-0.023725499388639142,0.22185839363246268,-0.002427320966082761,-0.0004464855997648887,1.3143237141959797e-05,-0.003542264163362021,-0.0038407191365620852,-0.007994795472541305,0.0547675103242598,-0.024170383695237864,0.04802033507406704,-0.041392087321175296,-0.0055295136566625176,-0.02749759310899724,-0.035020209960094986,-0.11368636052085669,-0.0008331450841938855,-5.8131346236258254e-05,0.001681991374054477,-0.03874335337677038,-0.05906010146443995,-0.08323939658639491,0.009554589179504075,4.8182578159296545
0.39307311937230327,-0.1494660846009249,-0.0018159351324056646,-0.22553169604591278,-0.7227748131520475,-0.7780022640292367,-0.5815233744676196,0.3650285256082904,-0.17371759246616678,-0.15061998723285677,-2.3841611729690926,0.4003312325378254,1.5344869932742904,-2.0610853579928157,-0.13408787813043282,-0.23481576231235807,-0.39522773600037264,0.41937206764309615,-0.005337788050920071,-0.0015120292422665332,0.29429553038824036,1.2556156406941787,0.4324655127164697,-0.22558458511956161,-0.0040564084281481,-0.00036616659993733773,-0.0017778021647904278,-0.016889640884129364,-0.0056597820416063255,-0.06396214935648978,-0.45449864103948906,-0.38732978601089024,-0.026774429368142137,-0.04700236928519153,0.05661752314002397,-0.11580676046900266,-0.06420332708612142,0.006234265597724846,5.5604902909709834e-05,-0.003384515399651885,-0.004792285699894686,0.3423337492626664,-0.09923046958507575,0.24172655110677257,0.050768801823292055,0.37977453791158644
0.06748223609792982,0.01985056062306489,-0.040912583078344604,-0.1574486791285133,0.15723832264111576,0.16606198465822927,0.25433461985651934,0.34803644348148177,-0.008318861410315917,-0.01990386185037412,0.3530115034885999,-0.0014006884448686363,-0.07649258887781989,0.011717000429073345,-0.06293559088922623,-0.023011769497796174,0.03016585264684159,-0.004415041720711525,0.04766759140487526,-0.031231702975748406,-0.00512868831922393,-0.0253471420473571,0.007540725249562411,-0.19691327500320147,-0.0020146143841973654,-0.00024928319367873293,-0.0005298096379712027,-0.0003291839823774496,-0.0037613541330264134,-0.005835201990624571,-0.2550108055709826,-0.06559872761186361,-0.20295677163322157,-0.04132416237441547,-0.0305459589845305,-0.07223037617002351,-0.08739820161260727,-0.06154646597198065,0.0021931621660894324,-0.00045510522336008686,-0.010773383114009513,-0.05511865685716596,-0.04864625858624789,-0.1452429610911481,-0.020738637124036872,-2.8066354050513573
-0.14366089202123347,-0.0672495855995627,0.29442033199954204,2.5846793489507482,0.11540941186192072,-0.11909734430049189,0.042516460709571206,0.14001474261102154,0.7756373049354227,0.2816066385210258,0.24485952645929676,0.07859061185567866,0.041417914519090916,0.39783793262077993,0.3670502145609533,0.012804826205944645,0.34323506064865283,0.18214832772522638,-0.02022017562850133,0.09245367737748103,0.06707420056891278,-0.07514747353831848,-0.03137151566525677,0.03429950691698494,-0.004843150541676195,-0.00046195563544403794,-0.0004237664907187532,0.004923586241967424,-0.007623382354203637,-0.182679151479553,1.2930085989700186,-0.008534496979585353,-0.06524467994477186,0.17628973426249436,0.21123050147407524,-0.17607611830783265,-0.043690636597364114,0.24243041161820217,-0.01902923915030484,-0.00024562508276149034,-0.004723393925257765,0.02462639801486918,0.016018108479528434,-0.037293061869484355,0.08177552225550302,-4.1365143392042345
0.04888335791792986,-0.30683411578613495,-0.030682679582226598,-0.015759324697030074,-0.06448535157660404,-0.09737291093197425,-0.20019420312639108,0.09532601056155796,-0.030590713098038354,-0.04335473737105322,0.18652559954739845,0.021121566735447635,0.04021662719401052,-0.06573350107453427,-0.11132697295870746,0.055047105743535704,0.009609916922809566,-0.09301390393716125,0.02577511627717994,0.029006599498331176,-0.08166155507771324,-0.5452918850993465,-0.09563314953164014,0.09700929250724762,-0.004368440845519116,-0.0008720722079770889,0.0013047896344049728,-0.010460220440916566,-0.005417840879928371,-0.02341976233473257,0.1017013573668779,-0.03476359369828696,-0.009972253187186876,-0.0038593479900161662,-0.16236089573304363,0.18279663933346477,0.007988137550372506,-0.014223598202159104,-0.005097408698831095,0.0007397298663612489,-0.006637477515792649,0.08578367136459007,-0.07146183791857223,-0.009638493232595321,-0.00026508264275519237,-10.531431976309465
0.09030429697411846,-0.025209765687770395,-0.03462959589047447,0.28674225712937634,0.1617178733876012,0.027184849049314685,-0.0773630333681209,0.03471212621657304,-0.04432543010416212,-0.03497585524376788,0.3020282114852146,0.09806822154148623,0.15886682274756667,-0.011222555153702256,0.14158495727395182,0.27458043863468806,-0.012975810867981732,0.0978104149755219,-0.018341516430828392,0.18306423556335133,0.19996793125222445,-0.08480505843652127,0.09833595164025465,-0.020142169533407604,-0.001995134831206276,-0.0015067670655828235,-0.0015195452340054604,-0.002643351911399081,-0.003672290931322098,0.04313936405830252,-0.35991337531631135,-0.028977685697456772,0.5068347021845155,-0.024771144226188105,0.059055106984268385,-0.0626724969012133,-0.09229787192880044,-0.016466231851202384,-0.003589743240624192,-0.0009079319251435118,0.054102499517276345,-0.007602654035991046,-0.06700413127013259,0.039928215469188344,0.010001880260318506,-2.879881250241413
0.05665949613140825,0.06232100878022053,-0.2132760168984012,-0.3575591763548619,0.12137648531955333,0.06541779382951701,0.17853564409082848,0.05071469286689803,-0.016770838488805402,0.037135441141155086,0.1934139894529915,-0.010001465265489267,0.0054357788026750805,0.033631082873048834,-0.06918396421783886,-0.023881799903878405,-0.014753164322144087,-0.031002933590864205,0.023512374549630646,0.17251759336143319,0.02163447124745125,-0.01776287635648322,-0.07397957163016915,0.14021155019284368,-0.00317623349396473,-0.0003009044413508863,-0.00044748913267450964,-0.0008560499391353909,-0.003917105204274797,0.12108381281476455,0.13687492592296924,0.08209100571608988,0.4295262581853696,-0.08346645443898819,-0.02873878285521853,-0.1034026001920051,-0.06671255146050399,-0.05079569418280442,-0.006197587401885758,-0.0002885441073870834,-0.0049720681201877465,0.36457495112130783,0.22241566643425642,-0.031246740274603346,-0.06290502341526931,0.8648517473525527
-0.12092342668833948,-0.18803343419955837,0.06335751360845931,0.0223639961822095,0.27531040798470974,-0.6841580752526096,0.13308344604648367,0.12914558933322234,-0.048901470247172237,-0.06751826072759934,0.020248190727040625,0.06331598619330532,-0.07902116597277446,-0.01888738003330556,0.01356634398137868,0.020598462300216513,-0.027180418993601293,-0.010323041346259018,0.19328863038828586,-0.22164670882547932,0.024132645243334652,-0.09938429781925318,0.027524976488700115,0.21798369444901908,-0.002452914960723881,-0.0010909430267031658,0.0007565214153665054,-0.022138861838189184,-0.007204598255122056,0.1587991680361459,1.0893214067820374,-0.15310500881178915,0.13559309478111842,-0.19419341647801422,-0.008690629169361804,-0.17460595025077624,-0.12396398100945755,-0.0848037244021909,-0.0062001989843846654,-0.0018162682486088,-0.006394904186070913,-0.030974786911441256,-0.03614869092747462,-0.015030563473306446,-0.08642729892017229,2.678659939709374
0.0316629284680289,-0.4505437756370578,-0.111873452421532,0.075384071321114,0.19031662768652977,-0.36096036433001505,0.3882124580851573,0.14173330790644129,-0.004435120905068072,0.07501938327824391,-0.10599266899519288,0.0005362941926307024,-0.02485349137816103,-0.014081713093308308,-0.07749817676492468,0.027502657900261664,-0.017614600755608886,0.0029506016026264975,-0.06932273919508769,0.0025078470717722215,0.0036439802281209156,-0.024179245159295003,-0.025285360051142222,3.295367526969672,-0.0013465944196642077,-0.0009645880565344705,-0.000419486503202003,-0.0035385291500541296,-0.0034859487702752316,-0.0021511054448897205,0.00416841136563371,-8.7368687643745e-05,0.027524511694706474,-0.07577491092416298,-0.17423072679094415,-0.04101910156241805,-0.13098400702683138,-0.40179182975642913,-0.0019465522712306673,0.0004303045689625119,0.0011094342727660377,0.09651972396948824,-0.046339371606201746,-0.06104656270876373,0.1288182219428909,5.309743221216208
0.09077775108352988,-0.2361772362324234,-0.10162307030581363,-0.1275528373436204,0.3917231725738298,-0.05347293721310552,0.37903030192372383,0.23470223209944516,-0.006609415998930377,0.04859511649602335,0.17539362693936122,0.07857201121342113,0.19436359831587732,0.31981903727192135,0.019503428112997552,-0.10778539480645025,-0.055004267069357876,0.07579029566281292,-0.02198826793575834,0.002186816312529506,0.03224670687671326,0.343281514209296,-0.025401926305240442,0.18431539523386586,-0.0027785252676091623,-6.039832985142565e-05,-0.0017975089080083785,-0.0024186649184460727,-0.002539928192580973,0.13930039364450883,-0.0077840175133141,-0.0956947838726082,0.0026146990855903047,0.005969085003542976,-0.1296207652973007,-0.10800865158058454,0.13633242102943274,0.05938802520934486,0.04890760874303922,-0.0011450348987953683,-0.0071733817144682185,0.07264842820552551,0.06296408307552137,-0.05925260649088444,0.03794031982460749,-2.613604670381494
